ticker,quote_date,expiration,days_to_expiry,strike,option_kind,exercise,bid,ask,mid_price,last,spread,relative_spread,volume,open_interest,market_iv,underlying_price,rate,dividend,maturity,moneyness,log_moneyness,maturity_bucket,black_scholes_price,tree_price,rough_price,fair_value,fair_value_source,model_minus_mid,buy_edge,sell_edge,relative_buy_edge,relative_sell_edge,liquidity_pass,signal,signal_confidence
AAPL,2026-05-29,2026-06-19,21,185.0,put,american,0.6088665672765525,0.6288665672765525,0.6188665672765525,0.622304098028639,0.020000000000000018,0.0323171440461133,331.0,1299.0,0.22886648343069696,195.0,0.045,0.006,0.057534246575342465,1.054054054054054,0.05264373348542188,short,0.8674994502930282,0.872496515915371,,0.872496515915371,binomial_tree,0.2536299486388185,0.24362994863881848,-0.2636299486388185,0.3936712072053938,-0.4259883512515071,True,buy_underpriced,0.22175932601629658
AAPL,2026-05-29,2026-08-12,75,220.0,call,american,1.2975088235390246,1.3492875687703902,1.3233981961547074,1.3427725161600443,0.05177874523136561,0.03912559755772297,354.0,1568.0,0.2020010887539167,195.0,0.045,0.006,0.2054794520547945,0.8863636363636364,-0.12062798778861475,short,0.9945373315398527,0.9952819038126657,,0.9952819038126657,binomial_tree,-0.32811629234204176,-0.35400566495772456,0.30222691972635896,-0.2674974667385301,0.22837186918080712,True,sell_overpriced,0.20355190849449262
AAPL,2026-05-29,2026-09-26,120,165.0,put,american,0.8052850988550698,0.84523665201748,0.8252608754362749,0.8178237837406477,0.03995155316241017,0.048410816932633265,353.0,1710.0,0.20631552876246556,195.0,0.045,0.006,0.3287671232876712,1.1818181818181819,0.16705408466316624,short,0.587634956226541,0.5957490820613643,,0.5957490820613643,binomial_tree,-0.22951179337491057,-0.24948756995611565,0.20953601679370548,-0.3023135803260076,0.25390276339337436,True,sell_overpriced,0.18135876748872426
AAPL,2026-05-29,2026-07-13,45,220.0,call,american,0.4380267062007402,0.4580267062007402,0.4480267062007402,0.4448948077354004,0.020000000000000018,0.04464019604902511,318.0,1738.0,0.23758126027148838,195.0,0.045,0.006,0.1232876712328767,0.8863636363636364,-0.12062798778861475,short,0.6475035936422593,0.648035904716446,,0.648035904716446,binomial_tree,0.2000091985157058,0.1900091985157058,-0.21000919851570582,0.42410239364296154,-0.4687425896919867,True,buy_underpriced,0.16644795442443014
AAPL,2026-05-29,2026-09-26,120,215.0,call,american,3.726737015464703,3.8576731111449996,3.792205063304851,3.791391963009104,0.13093609568029674,0.03452769391278325,305.0,1615.0,0.23744675003463353,195.0,0.045,0.006,0.3287671232876712,0.9069767441860465,-0.09763846956391606,short,4.485417869533677,4.486062043515371,,4.486062043515371,binomial_tree,0.6938569802105201,0.6283889323703717,-0.7593250280506685,0.16570541990225074,-0.200233113815034,True,buy_underpriced,0.1498125698520448
AAPL,2026-05-29,2026-07-13,45,200.0,call,american,3.7743947196845165,3.850889903550441,3.812642311617479,3.8258258446607067,0.07649518386592469,0.020063561596858084,406.0,2268.0,0.22658871549322226,195.0,0.045,0.006,0.1232876712328767,0.975,-0.025317807984289897,short,4.434646530913355,4.4368262936861305,,4.4368262936861305,binomial_tree,0.6241839820686517,0.5859363901356893,-0.662431574001614,0.15368249687369995,-0.17374605847055805,True,buy_underpriced,0.14511744620040987
AAPL,2026-05-29,2026-08-12,75,230.0,call,american,0.5368291777069976,0.5632396014959236,0.5500343896014606,0.5439519678006228,0.026410423788925996,0.048015950071889586,251.0,746.0,0.23442852396191227,195.0,0.045,0.006,0.2054794520547945,0.8478260869565217,-0.16507975035944858,short,0.6889404116106324,0.6891453945997829,,0.6891453945997829,binomial_tree,0.1391110049983223,0.1259057931038593,-0.1523162168927853,0.22890531116624743,-0.27692126123813704,True,buy_underpriced,0.10911277567209106
AAPL,2026-05-29,2026-08-12,75,195.0,put,american,6.483153086093059,6.581135248603281,6.53214416734817,6.532104405645585,0.09798216251022218,0.014999999999999944,200.0,2076.0,0.22695463674342847,195.0,0.045,0.006,0.2054794520547945,1.0,0.0,short,7.204862699113988,7.324165949202457,,7.324165949202457,binomial_tree,0.7920217818542872,0.7430307005991761,-0.8410128631093983,0.11374989307696519,-0.12874989307696513,True,buy_underpriced,0.10901031419875833
AAPL,2026-05-29,2026-09-26,120,220.0,call,american,2.845449914070549,2.9590012237004975,2.902225568885523,2.880393841061634,0.11355130962994853,0.03912559755772295,56.0,1321.0,0.23457477024384035,195.0,0.045,0.006,0.3287671232876712,0.8863636363636364,-0.12062798778861475,short,3.3074675175505632,3.3082496716649445,,3.3082496716649445,binomial_tree,0.40602410277942136,0.3492484479644471,-0.4627997575943956,0.12033814728555409,-0.15946374484327705,True,buy_underpriced,0.10725953083684137
AAPL,2026-05-29,2026-08-12,75,185.0,put,american,2.988114771169825,3.0653838881219246,3.0267493296458747,3.0345795857595683,0.07726911695209981,0.02552874669708449,323.0,1476.0,0.2009733154402113,195.0,0.045,0.006,0.2054794520547945,1.054054054054054,0.05264373348542188,short,2.603332640298973,2.639519166284861,,2.639519166284861,binomial_tree,-0.3872301633610138,-0.4258647218370637,0.3485956048849639,-0.14070036050421436,0.11517161380712987,True,sell_overpriced,0.10700442781941694
AAPL,2026-05-29,2026-08-12,75,200.0,put,american,8.91071137991345,9.091303648609616,9.001007514261532,9.047227117421233,0.1805922686961665,0.020063561596857838,196.0,2393.0,0.22457483704493145,195.0,0.045,0.006,0.2054794520547945,0.975,-0.025317807984289897,short,9.789760163322583,9.983014025692874,,9.983014025692874,binomial_tree,0.9820065114313419,0.8917103770832586,-1.0723026457794251,0.0990678405356733,-0.11913140213253114,True,buy_underpriced,0.0935465801999645
AAPL,2026-05-29,2026-09-26,120,225.0,call,american,2.0677679118281413,2.159975349016787,2.113871630422464,2.0860936033103057,0.09220743718864544,0.043620168728134866,103.0,2316.0,0.23111660390918287,195.0,0.045,0.006,0.3287671232876712,0.8666666666666667,-0.1431008436406733,short,2.3648120037340092,2.366699602439199,,2.366699602439199,binomial_tree,0.252827972016735,0.2067242534224123,-0.29893169061105773,0.09779413775523246,-0.14141430648336734,True,buy_underpriced,0.08594470222882773
AAPL,2026-05-29,2026-09-26,120,220.0,put,american,22.780749999347538,23.689844896427577,23.235297447887557,23.331048189563173,0.9090948970800383,0.03912559755772306,104.0,2158.0,0.2098842920563089,195.0,0.045,0.006,0.3287671232876712,0.8863636363636364,-0.12062798778861475,short,24.65221032034151,25.74701565456992,,25.74701565456992,binomial_tree,2.511718206682364,2.0571707581423446,-2.966265655222383,0.08853645031901121,-0.12766204787673427,True,buy_underpriced,0.07891411275131406
AAPL,2026-05-29,2026-06-19,21,200.0,call,american,2.042471072685674,2.0838655774604633,2.0631683250730686,2.0466732790191893,0.04139450477478945,0.020063561596857803,262.0,1685.0,0.21869987519002773,195.0,0.045,0.006,0.057534246575342465,0.975,-0.025317807984289897,short,2.2443240228564747,2.2445521073375145,,2.2445521073375145,binomial_tree,0.18138378226444596,0.16068652987705123,-0.20208103465184069,0.07788338349531437,-0.09794694509217218,True,buy_underpriced,0.07354277776717566
AAPL,2026-05-29,2026-09-26,120,200.0,put,american,10.21397621261139,10.420981586032214,10.317478899321802,10.272433056792106,0.2070053734208237,0.02006356159685781,220.0,1066.0,0.2149267923679898,195.0,0.045,0.006,0.3287671232876712,0.975,-0.025317807984289897,short,10.895038411173331,11.209546400863212,,11.209546400863212,binomial_tree,0.8920675015414101,0.7885648148309983,-0.995570188251822,0.07642999055542851,-0.09649355215228632,True,buy_underpriced,0.07217038549055045
AAPL,2026-05-29,2026-09-26,120,190.0,put,american,5.8070625194198024,5.925532973082617,5.86629774625121,5.875455559556497,0.11847045366281428,0.02019509728065226,297.0,1290.0,0.21707503175231857,195.0,0.045,0.006,0.3287671232876712,1.0263157894736843,0.025975486403260736,short,6.22657668444333,6.373371473321886,,6.373371473321886,binomial_tree,0.5070737270706767,0.4478385002392695,-0.5663089539020838,0.07634090862937457,-0.09653600591002683,True,buy_underpriced,0.07205837508419788
AAPL,2026-05-29,2026-08-12,75,225.0,call,american,0.8350972936840751,0.8723365703037144,0.8537169319938948,0.8409810166729632,0.03723927661963922,0.043620168728134734,194.0,1077.0,0.22747796803404383,195.0,0.045,0.006,0.2054794520547945,0.8666666666666667,-0.1431008436406733,short,0.9566008588134238,0.9518097006639691,,0.9518097006639691,binomial_tree,0.09809276867007433,0.07947313036025472,-0.11671240697989393,0.09309072759590419,-0.13671089632403893,True,buy_underpriced,0.06984359881673428
AAPL,2026-05-29,2026-08-12,75,190.0,put,american,4.421393246987537,4.51159452552391,4.466493886255724,4.437755562658683,0.09020127853637305,0.02019509728065229,296.0,1230.0,0.2182428751746265,195.0,0.045,0.006,0.2054794520547945,1.0263157894736843,0.025975486403260736,short,4.741981678635341,4.821107214977689,,4.821107214977689,binomial_tree,0.3546133287219648,0.3095126894537783,-0.39971396799015135,0.06929656624096352,-0.0894916635216158,True,buy_underpriced,0.06540920263970956
AAPL,2026-05-29,2026-07-13,45,195.0,put,american,5.194239982534927,5.272742350029158,5.233491166282042,5.246541155753762,0.0785023674942309,0.01500000000000005,488.0,1526.0,0.22041658145047305,195.0,0.045,0.006,0.1232876712328767,1.0,0.0,short,5.544586088684923,5.609978209392871,,5.609978209392871,binomial_tree,0.3764870431108287,0.33723585936371325,-0.41573822685794415,0.06443802972983541,-0.07943802972983546,True,buy_underpriced,0.06175311182442559
AAPL,2026-05-29,2026-09-26,120,195.0,put,american,7.985021105727006,8.105701525460915,8.045361315593961,8.068494857908718,0.12068041973390908,0.014999999999999958,214.0,1776.0,0.19138194538391456,195.0,0.045,0.006,0.3287671232876712,1.0,0.0,short,7.279282542732233,7.492706684813759,,7.492706684813759,binomial_tree,-0.5526546307802027,-0.6129948406471568,0.49231442091324773,-0.0761923320285214,0.06119233202852144,True,sell_overpriced,0.058642651527333056
AAPL,2026-05-29,2026-06-19,21,190.0,put,american,1.692695613311823,1.7272284630187935,1.7099620381653082,1.7095026316413822,0.03453284970697057,0.020195097280652118,431.0,2605.0,0.19943887074900007,195.0,0.045,0.006,0.057534246575342465,1.0263157894736843,0.025975486403260736,short,1.5762683046202,1.5885146172168512,,1.5885146172168512,binomial_tree,-0.12144742094845706,-0.13871384580194235,0.10418099609497178,-0.08112100894986791,0.06092591166921579,True,sell_overpriced,0.05750812079957071
AAPL,2026-05-29,2026-09-26,120,215.0,put,american,20.0976957601527,20.803813150267683,20.45075445521019,20.230804239697985,0.7061173901149829,0.034527693912783104,129.0,784.0,0.22583420016742597,195.0,0.045,0.006,0.3287671232876712,0.9069767441860465,-0.09763846956391606,short,21.273434823426612,22.0343051848044,,22.0343051848044,binomial_tree,1.583550729594208,1.2304920345367165,-1.9366094246516994,0.06016853985664215,-0.09469623376942526,True,buy_underpriced,0.05439775950289429
AAPL,2026-05-29,2026-08-12,75,200.0,call,american,5.761529994588334,5.878298199563438,5.819914097075886,5.815176199226556,0.11676820497510398,0.020063561596857956,175.0,1935.0,0.1968614947600271,195.0,0.045,0.006,0.2054794520547945,0.975,-0.025317807984289897,short,5.422932062442953,5.428256781693072,,5.428256781693072,binomial_tree,-0.39165731538281356,-0.45004141787036556,0.3332732128952616,-0.07732784545677075,0.05726428385991279,True,sell_overpriced,0.054072824175125794
AAPL,2026-05-29,2026-09-26,120,190.0,call,american,13.038376294815368,13.304373492108773,13.17137489346207,13.119391303936897,0.2659971972934052,0.0201950972806521,459.0,1431.0,0.22618129815718982,195.0,0.045,0.006,0.3287671232876712,1.0263157894736843,0.025975486403260736,short,14.01128940220282,14.015663610842536,,14.015663610842536,binomial_tree,0.844288717380465,0.7112901187337624,-0.9772873160271676,0.054002723670619104,-0.0741978209512712,True,buy_underpriced,0.050973306287429306
AAPL,2026-05-29,2026-07-13,45,195.0,call,american,5.8142921685927,5.90216560187118,5.85822888523194,5.874916576252392,0.08787343327847985,0.01500000000000013,494.0,1715.0,0.21068569003986107,195.0,0.045,0.006,0.1232876712328767,1.0,0.0,short,6.215003433370981,6.2102157571452965,,6.2102157571452965,binomial_tree,0.35198687191335676,0.30805015527411683,-0.3959235885525967,0.05258417882078373,-0.06758417882078385,True,buy_underpriced,0.050393171369917715
AAPL,2026-05-29,2026-09-26,120,160.0,put,american,0.502688287722494,0.5308868790383822,0.5167875833804381,0.5180081585659481,0.0281985913158882,0.05456514866598399,361.0,324.0,0.220542006281048,195.0,0.045,0.006,0.3287671232876712,1.21875,0.19782574332991987,short,0.4394254384763947,0.44554008251745575,,0.44554008251745575,binomial_tree,-0.07124750086298232,-0.08534679652092642,0.057148205205038216,-0.1651486979672605,0.11058354930127651,True,sell_overpriced,0.04848625989112969
AAPL,2026-05-29,2026-09-26,120,175.0,put,american,2.077024333996743,2.1545525713476392,2.115788452672191,2.1210175433583505,0.07752823735089631,0.03664271692804636,117.0,1260.0,0.21483143438318408,195.0,0.045,0.006,0.3287671232876712,1.1142857142857143,0.10821358464023279,short,1.9408726820932571,1.9779062772509943,,1.9779062772509943,binomial_tree,-0.13788217542119674,-0.1766462940966449,0.09911805674574858,-0.08348958227536632,0.04684686534731996,True,sell_overpriced,0.042078541942075096
AAPL,2026-05-29,2026-09-26,120,185.0,put,american,4.134538725655342,4.241453011350793,4.187995868503068,4.186965717660149,0.10691428569545103,0.025528746697084454,445.0,766.0,0.21390018754939674,195.0,0.045,0.006,0.3287671232876712,1.054054054054054,0.05264373348542188,short,4.3288150185424,4.425188683487644,,4.425188683487644,binomial_tree,0.23719281498457612,0.1837356721368506,-0.29064995783230163,0.043871980275502036,-0.0694007269725865,True,buy_underpriced,0.04076087841007765
AAPL,2026-05-29,2026-07-13,45,200.0,put,american,8.185895656663625,8.351798176105497,8.268846916384561,8.230849369562689,0.16590251944187173,0.02006356159685809,78.0,2234.0,0.19764850826349564,195.0,0.045,0.006,0.1232876712328767,0.975,-0.025317807984289897,short,7.704615713444241,7.835611217696589,,7.835611217696589,binomial_tree,-0.4332356986879722,-0.516186958408908,0.3502844389670363,-0.06242550667930416,0.04236194508244607,True,sell_overpriced,0.0400010242643228
AAPL,2026-05-29,2026-07-13,45,220.0,put,american,23.061455394726703,23.981752198790897,23.5216037967588,23.68503054088732,0.9202968040641935,0.03912559755772297,252.0,1526.0,0.20283101218362123,195.0,0.045,0.006,0.1232876712328767,0.8863636363636364,-0.12062798778861475,short,24.248039335647007,25.0,,25.0,binomial_tree,1.4783962032412,1.0182478012091032,-1.9385446052732966,0.04328989681177329,-0.08241549436949626,True,buy_underpriced,0.03858505492018219
AAPL,2026-05-29,2026-08-12,75,205.0,call,american,4.131273895687158,4.235871937650668,4.183572916668913,4.19514964810444,0.1045980419635093,0.025002084114932415,607.0,1571.0,0.2058704602967244,195.0,0.045,0.006,0.2054794520547945,0.9512195121951219,-0.05001042057466142,short,3.96354369857724,3.967531104013826,,3.967531104013826,binomial_tree,-0.21604181265508693,-0.2683408336368416,0.16374279167333228,-0.06414154575092303,0.039139461635990615,True,sell_overpriced,0.03642121688033448
AAPL,2026-05-29,2026-09-26,120,205.0,call,american,6.229816251384698,6.387546432955944,6.308681342170321,6.285920412092682,0.15773018157124596,0.025002084114932235,402.0,1236.0,0.21792957572148833,195.0,0.045,0.006,0.3287671232876712,0.9512195121951219,-0.05001042057466142,short,6.625889741991045,6.632945156361832,,6.632945156361832,binomial_tree,0.32426381419151085,0.24539872340588786,-0.40312890497713383,0.03889857643712679,-0.06390066055205902,True,buy_underpriced,0.036197061214815224
AAPL,2026-05-29,2026-06-19,21,205.0,put,american,10.025900800323601,10.279742501240356,10.152821650781979,10.152236724973186,0.2538417009167553,0.025002084114932148,248.0,2389.0,0.21512987170320833,195.0,0.045,0.006,0.057534246575342465,0.9512195121951219,-0.05001042057466142,short,10.52387882777876,10.650283146118541,,10.650283146118541,binomial_tree,0.49746149533656236,0.3705406448781847,-0.62438234579494,0.036496321675230585,-0.06149840579016273,True,buy_underpriced,0.03396164360742576
AAPL,2026-05-29,2026-09-26,120,205.0,put,american,13.308462510518511,13.645414055076769,13.47693828279764,13.395251893880962,0.33695154455825715,0.02500208411493225,39.0,2806.0,0.21039918442237115,195.0,0.045,0.006,0.3287671232876712,0.9512195121951219,-0.05001042057466142,short,13.67401569643242,14.125950485258418,,14.125950485258418,binomial_tree,0.6490122024607778,0.48053643018164927,-0.8174879747399064,0.035656201735005354,-0.0606582858499376,True,buy_underpriced,0.03317987019334536
AAPL,2026-05-29,2026-08-12,75,185.0,call,american,14.72544820677109,15.106230896458618,14.915839551614853,14.958158818390313,0.3807826896875284,0.025528746697084388,304.0,1336.0,0.2057138646831,195.0,0.045,0.006,0.2054794520547945,1.054054054054054,0.05264373348542188,short,14.196101347304989,14.194785867478759,,14.194785867478759,binomial_tree,-0.7210536841360948,-0.911445028979859,0.5306623392923306,-0.06110584830480977,0.035577101607725384,True,sell_overpriced,0.03305421601005856
AAPL,2026-05-29,2026-08-12,75,170.0,put,american,0.5856159207989843,0.6110084235899514,0.5983121721944679,0.5982839609704829,0.025392502790967164,0.04244022430269713,483.0,1165.0,0.21662528531126904,195.0,0.045,0.006,0.2054794520547945,1.1470588235294117,0.13720112151348496,short,0.5464319952079535,0.5502015701691569,,0.5502015701691569,binomial_tree,-0.04811060202531092,-0.060806853420794504,0.03541435062982734,-0.10163064742234695,0.05919042311964983,True,hold,0.031239370117982238
AAPL,2026-05-29,2026-09-26,120,200.0,call,american,8.329552747263197,8.498366746922478,8.413959747092838,8.377445853790336,0.16881399965928168,0.02006356159685809,61.0,1708.0,0.22218936307127243,195.0,0.045,0.006,0.3287671232876712,0.975,-0.025317807984289897,short,8.770974029163028,8.775702708334643,,8.775702708334643,binomial_tree,0.3617429612418057,0.2773359614121649,-0.44614996107144655,0.0329614081536329,-0.053024969750490994,True,buy_underpriced,0.031124399145828475
AAPL,2026-05-29,2026-08-12,75,175.0,call,american,21.021661244312636,21.80632819105134,21.413994717681987,21.66023981638463,0.7846669467387031,0.03664271692804645,418.0,2112.0,0.22430981913716702,195.0,0.045,0.006,0.2054794520547945,1.1142857142857143,0.10821358464023279,short,22.546097289668637,22.54608441076384,,22.54608441076384,binomial_tree,1.132089693081852,0.7397562197125005,-1.5244231664512036,0.03454545634596931,-0.07118817327401576,True,buy_underpriced,0.031029235851426147
AAPL,2026-05-29,2026-08-12,75,215.0,call,american,1.8843951275849509,1.9506019298629436,1.9174985287239472,1.9108226157449013,0.0662068022779927,0.034527693912783264,325.0,1462.0,0.2187078626194968,195.0,0.045,0.006,0.2054794520547945,0.9069767441860465,-0.09763846956391606,short,2.0116193897541024,2.0143558629997753,,2.0143558629997753,binomial_tree,0.0968573342758281,0.06375393313683175,-0.12996073541482445,0.03324849129311123,-0.0677761852058945,True,buy_underpriced,0.030059619819693496
AAPL,2026-05-29,2026-09-26,120,170.0,put,american,1.285879671795731,1.3416358457576218,1.3137577587766764,1.3420476560649441,0.05575617396189081,0.04244022430269712,227.0,2450.0,0.21584792032369066,195.0,0.045,0.006,0.3287671232876712,1.1470588235294117,0.13720112151348496,short,1.2210744649038965,1.242364883624143,,1.242364883624143,binomial_tree,-0.07139287515253345,-0.09927096213347886,0.04351478817158805,-0.07556260769558946,0.03312238339289234,True,hold,0.02921760178001934
AAPL,2026-05-29,2026-09-26,120,225.0,put,american,28.285113130718262,29.546423830751596,28.91576848073493,28.696256936452528,1.2613107000333343,0.043620168728134616,0.0,1248.0,0.2226017845244193,195.0,0.045,0.006,0.3287671232876712,0.8666666666666667,-0.1431008436406733,short,29.200367335064783,30.481101866095397,,30.481101866095397,binomial_tree,1.5653333853604678,0.9346780353438007,-2.195988735377135,0.03232416375053383,-0.07594433247866844,False,no_trade_liquidity,0.02840753742610567
AAPL,2026-05-29,2026-07-13,45,230.0,put,american,32.39465265250405,33.98837471638683,33.19151368444544,33.55189033459888,1.5937220638827796,0.04801595007188981,258.0,1465.0,0.22124020877139017,195.0,0.045,0.006,0.1232876712328767,0.8478260869565217,-0.16507975035944858,short,33.989004190336146,35.0,,35.0,binomial_tree,1.8084863155545605,1.0116252836131707,-2.6053473474959503,0.030478431722963252,-0.07849438179485306,True,buy_underpriced,0.026413290456631846
AAPL,2026-05-29,2026-06-19,21,195.0,call,american,4.005739402459225,4.066279544561883,4.036009473510554,4.030399732206379,0.06054014210265812,0.014999999999999953,369.0,1087.0,0.1978049286537038,195.0,0.045,0.006,0.057534246575342465,1.0,0.0,short,3.907826475243297,3.904753291702868,,3.904753291702868,binomial_tree,-0.13125618180768628,-0.16152625285901534,0.10098611075635722,-0.04002127693682504,0.025021276936825092,True,hold,0.02397872373112405
AAPL,2026-05-29,2026-06-19,21,170.0,call,american,23.70059706761785,24.728262907655093,24.21442998763647,24.166110962696237,1.027665840037244,0.042440224302696984,63.0,1660.0,0.21888556763632128,195.0,0.045,0.006,0.057534246575342465,1.1470588235294117,0.13720112151348496,short,25.383937365506057,25.383816334090966,,25.383816334090966,binomial_tree,1.1693863464544947,0.6555534264358727,-1.6832192664731167,0.027072841556484647,-0.06951306585918163,True,hold,0.023881237478238577
AAPL,2026-05-29,2026-07-13,45,185.0,put,american,1.6755693089823056,1.7188975513062827,1.6972334301442942,1.7088066797158603,0.04332824232397714,0.02552874669708426,237.0,1859.0,0.21019332062469434,195.0,0.045,0.006,0.1232876712328767,1.054054054054054,0.05264373348542188,short,1.7438335850878701,1.7607899495302415,,1.7607899495302415,binomial_tree,0.06355651938594731,0.04189239822395874,-0.08522064054793588,0.02468275576000006,-0.05021150245708432,True,hold,0.022932422927824953
AAPL,2026-05-29,2026-07-13,45,190.0,put,american,3.0925069362535718,3.1555974744504915,3.1240522053520317,3.138897513975602,0.06309053819691979,0.020195097280652028,433.0,1972.0,0.20222868633061955,195.0,0.045,0.006,0.1232876712328767,1.0263157894736843,0.025975486403260736,short,2.9841644656916415,3.0197206051030654,,3.0197206051030654,binomial_tree,-0.10433160024896626,-0.13587686934742615,0.07278633115050637,-0.043493789609100005,0.023298692328447976,True,hold,0.021991694111545234
AAPL,2026-05-29,2026-08-12,75,205.0,put,american,11.93575260519624,12.237949066478487,12.086850835837364,12.08937158225558,0.30219646128224653,0.02500208411493238,536.0,2265.0,0.20237960585196096,195.0,0.045,0.006,0.2054794520547945,0.9512195121951219,-0.05001042057466142,short,12.203847986486522,12.521263554976025,,12.521263554976025,binomial_tree,0.43441271913866153,0.28331448849753826,-0.5855109497797848,0.02343989285095786,-0.04844197696589024,True,hold,0.021811986815667164
AAPL,2026-05-29,2026-06-19,21,195.0,put,american,3.5344478499801357,3.5878651978387777,3.5611565239094567,3.57075844038921,0.05341734785864194,0.015000000000000025,521.0,1005.0,0.19565152095886004,195.0,0.045,0.006,0.057534246575342465,1.0,0.0,short,3.430853063816457,3.4580384297170377,,3.4580384297170377,binomial_tree,-0.10311809419241902,-0.12982676812174,0.07640942026309805,-0.036456349854348855,0.021456349854348827,True,hold,0.02056233527708429
AAPL,2026-05-29,2026-06-19,21,175.0,call,american,19.296920077383223,20.017208316386107,19.657064196884665,19.588240183710198,0.7202882390028833,0.03664271692804654,127.0,1076.0,0.2250282893166146,195.0,0.045,0.006,0.057534246575342465,1.1142857142857143,0.10821358464023279,short,20.45975476757752,20.459558859047174,,20.459558859047174,binomial_tree,0.8024946621625091,0.44235054266106744,-1.1626387816639507,0.02250338800496836,-0.059146104933014906,True,hold,0.020212873347779325
AAPL,2026-05-29,2026-06-19,21,225.0,put,american,28.093313253168198,29.34607107110059,28.719692162134393,28.78479525508926,1.252757817932391,0.04362016872813474,121.0,2068.0,0.2198354881088486,195.0,0.045,0.006,0.057534246575342465,0.8666666666666667,-0.1431008436406733,short,29.498358007282633,30.0,,30.0,binomial_tree,1.2803078378656068,0.6539289288994112,-1.9066867468318023,0.02276935717861164,-0.06638952590674638,True,hold,0.02001045939538329
AAPL,2026-05-29,2026-06-19,21,200.0,put,american,6.626761213065691,6.761064950506116,6.693913081785904,6.6851238847306025,0.13430373744042434,0.020063561596857897,276.0,1594.0,0.22136501942172115,195.0,0.045,0.006,0.057534246575342465,0.975,-0.025317807984289897,short,6.840180090165603,6.902754842807338,,6.902754842807338,binomial_tree,0.2088417610214348,0.14168989230122264,-0.275993629741647,0.021166975216149724,-0.04123053681300762,True,hold,0.019987294907626435
AAPL,2026-05-29,2026-07-13,45,160.0,put,american,0.048833274844160404,0.06883327484416041,0.058833274844160406,0.05857005522015958,0.020000000000000004,0.33994368073129855,170.0,1268.0,0.2152979027290304,195.0,0.045,0.006,0.1232876712328767,1.21875,0.19782574332991987,short,0.015029727126562364,0.014943471388163961,,0.014943471388163961,binomial_tree,-0.04388980345599645,-0.05388980345599645,0.033889803455996445,-0.9159749070358841,0.5760312263045856,False,no_trade_liquidity,0.016944901727998223
AAPL,2026-05-29,2026-07-13,45,230.0,call,american,0.027909503955318292,0.047909503955318296,0.037909503955318294,0.03578904255622904,0.020000000000000004,0.5275721893795505,434.0,1465.0,0.21004936958572096,195.0,0.045,0.006,0.1232876712328767,0.8478260869565217,-0.16507975035944858,short,0.0820797586217985,0.08163056482279583,,0.08163056482279583,binomial_tree,0.04372106086747754,0.03372106086747754,-0.05372106086747754,0.8895146955028104,-1.417086884882361,False,no_trade_liquidity,0.01686053043373877
AAPL,2026-05-29,2026-06-19,21,220.0,put,american,23.68361287738791,24.6287376696739,24.156175273530906,24.19500174590273,0.9451247922859878,0.03912559755772293,339.0,1428.0,0.21360144009505982,195.0,0.045,0.006,0.057534246575342465,0.8863636363636364,-0.12062798778861475,short,24.536052054751508,25.0,,25.0,binomial_tree,0.8438247264690943,0.37126233032610045,-1.3163871226120882,0.015369251386949102,-0.05449484894467203,True,hold,0.013698887096590086
AAPL,2026-05-29,2026-07-13,45,175.0,put,american,0.3932593260092928,0.4132593260092928,0.4032593260092928,0.3962152481119832,0.020000000000000018,0.04959587716897373,384.0,1547.0,0.2168026285307752,195.0,0.045,0.006,0.1232876712328767,1.1142857142857143,0.10821358464023279,short,0.4251550994120272,0.42825695126943975,,0.42825695126943975,binomial_tree,0.024997625260146927,0.014997625260146918,-0.034997625260146936,0.03719101901142718,-0.0867868961804009,True,hold,0.01293145753728985
AAPL,2026-05-29,2026-07-13,45,205.0,call,american,2.400922465642121,2.4617104441575455,2.431316454899833,2.441525522066034,0.06078797851542461,0.02500208411493229,68.0,423.0,0.21286088388466431,195.0,0.045,0.006,0.1232876712328767,0.9512195121951219,-0.05001042057466142,short,2.4921874179383465,2.4927660808122325,,2.4927660808122325,binomial_tree,0.06144962591239933,0.031055636654687024,-0.09184361517011164,0.012773177507230943,-0.037775261622163235,True,hold,0.01188607734486775
AAPL,2026-05-29,2026-09-26,120,170.0,call,american,28.79877729042094,30.04750193527988,29.42313961285041,29.57249383125416,1.2487246448589389,0.042440224302696936,455.0,1267.0,0.2193637826242402,195.0,0.045,0.006,0.3287671232876712,1.1470588235294117,0.13720112151348496,short,28.403690232714922,28.406034642692145,,28.406034642692145,binomial_tree,-1.0171049701582646,-1.641467292587734,0.3927426477287952,-0.05578831199478221,0.013348087692085273,True,hold,0.011774488148573696
AAPL,2026-05-29,2026-06-19,21,190.0,call,american,7.167524631952701,7.31375000699338,7.2406373194730405,7.205564025574549,0.14622537504067878,0.020195097280652195,342.0,2088.0,0.2043076720055491,195.0,0.045,0.006,0.057534246575342465,1.0263157894736843,0.025975486403260736,short,7.075784369563053,7.078073539771613,,7.078073539771613,binomial_tree,-0.16256377970142744,-0.23567646722176683,0.08945109218108804,-0.03254913301456713,0.012354035733914942,True,hold,0.01166100530765087
AAPL,2026-05-29,2026-07-13,45,165.0,put,american,0.025147566162212247,0.04514756616221225,0.03514756616221225,0.04017584341706982,0.020000000000000004,0.5690294431112658,209.0,2012.0,0.2221055060592751,195.0,0.045,0.006,0.1232876712328767,1.1818181818181819,0.16705408466316624,short,0.06738437911043338,0.06756916695175287,,0.06756916695175287,binomial_tree,0.03242160078954062,0.02242160078954062,-0.042421600789540624,0.6379275505467706,-1.2069569936580364,False,no_trade_liquidity,0.01121080039477031
AAPL,2026-05-29,2026-08-12,75,165.0,put,american,0.31772822108096327,0.3377282210809633,0.3277282210809633,0.3292429253596441,0.020000000000000018,0.061026175695315356,0.0,1582.0,0.22289144387665855,195.0,0.045,0.006,0.2054794520547945,1.1818181818181819,0.16705408466316624,short,0.30401094307130716,0.30650463776268705,,0.30650463776268705,binomial_tree,-0.02122358331827623,-0.031223583318276238,0.01122358331827622,-0.09527279407092208,0.034246618375606726,False,no_trade_liquidity,0.009320993408520288
AAPL,2026-05-29,2026-09-26,120,185.0,call,american,16.427050972445432,16.851835098883473,16.639443035664453,16.59389394642082,0.4247841264380412,0.025528746697084298,189.0,1501.0,0.20359620864866665,195.0,0.045,0.006,0.3287671232876712,1.054054054054054,0.05264373348542188,short,16.27982957461252,16.277643694878712,,16.277643694878712,binomial_tree,-0.3617993407857405,-0.5741914040047611,0.1494072775667199,-0.03450784997875575,0.008979103281671454,True,hold,0.008342366467102708
AAPL,2026-05-29,2026-07-13,45,170.0,put,american,0.15929810868089508,0.1792981086808951,0.1692981086808951,0.16378380994435143,0.020000000000000018,0.11813481057663447,132.0,2490.0,0.2122746316126572,195.0,0.045,0.006,0.1232876712328767,1.1470588235294117,0.13720112151348496,short,0.1474249290388192,0.14725840242512953,,0.14725840242512953,binomial_tree,-0.022039706255765568,-0.032039706255765577,0.012039706255765559,-0.18925023147279368,0.0711154208961592,True,hold,0.008088849539312265
AAPL,2026-05-29,2026-07-13,45,175.0,call,american,20.304319362734155,21.062210382611312,20.683264872672734,20.734396192318076,0.7578910198771567,0.0366427169280466,485.0,689.0,0.21400299160533645,195.0,0.045,0.006,0.1232876712328767,1.1142857142857143,0.10821358464023279,short,21.225536289749186,21.226058836009553,,21.226058836009553,binomial_tree,0.5427939633368197,0.1638484533982414,-0.9217394732753981,0.007921788673446919,-0.04456450560149351,True,hold,0.007115466840322137
AAPL,2026-05-29,2026-08-12,75,220.0,put,american,24.275800536716122,25.244557333182154,24.76017893494914,24.383007346562504,0.9687567964660317,0.03912559755772305,54.0,2047.0,0.2259246255889025,195.0,0.045,0.006,0.2054794520547945,0.8863636363636364,-0.12062798778861475,short,24.663147431502722,25.423901108701756,,25.423901108701756,binomial_tree,0.6637221737526176,0.17934377551960168,-1.1481005719856334,0.007243234226649989,-0.04636883178437304,True,hold,0.006456023483960453
AAPL,2026-05-29,2026-08-12,75,160.0,put,american,0.15418026949470987,0.17418026949470988,0.16418026949470987,0.1614432811827399,0.020000000000000018,0.12181731740088565,375.0,602.0,0.22520584077891048,195.0,0.045,0.006,0.2054794520547945,1.21875,0.19782574332991987,short,0.14561171949356266,0.14623910778702884,,0.14623910778702884,binomial_tree,-0.017941161707681036,-0.027941161707681045,0.007941161707681027,-0.17018586821470255,0.0483685508138169,True,hold,0.005254019995802308
AAPL,2026-05-29,2026-06-19,21,160.0,put,american,0.01,0.02,0.015,0.010240574410389754,0.01,0.6666666666666667,412.0,1069.0,0.21717576995352314,195.0,0.045,0.006,0.057534246575342465,1.21875,0.19782574332991987,short,0.0001314535835692677,0.00012274940699859876,,0.00012274940699859876,binomial_tree,-0.014877250593001401,-0.0198772505930014,0.009877250593001402,-1.3251500395334268,0.6584833728667602,False,no_trade_liquidity,0.004938625296500701
AAPL,2026-05-29,2026-06-19,21,165.0,put,american,0.01,0.02911071325932473,0.019555356629662367,0.013733855070184407,0.01911071325932473,0.9772623236303866,164.0,291.0,0.2074079756871974,195.0,0.045,0.006,0.057534246575342465,1.1818181818181819,0.16705408466316624,short,0.0007630061657543166,0.0007278634657099176,,0.0007278634657099176,binomial_tree,-0.01882749316395245,-0.028382849793614814,0.009272136534290083,-1.4514104923334685,0.4741481687030819,False,no_trade_liquidity,0.0046360682671450415
AAPL,2026-05-29,2026-06-19,21,230.0,call,american,0.01,0.02,0.015,0.007635886588574904,0.01,0.6666666666666667,216.0,238.0,0.20879184494944483,195.0,0.045,0.006,0.057534246575342465,0.8478260869565217,-0.16507975035944858,short,0.0016188330994485328,0.0015704179055288264,,0.0015704179055288264,binomial_tree,-0.013429582094471173,-0.018429582094471174,0.008429582094471174,-1.2286388062980782,0.5619721396314116,False,no_trade_liquidity,0.004214791047235587
AAPL,2026-05-29,2026-06-19,21,175.0,put,american,0.02354126001621369,0.043541260016213695,0.03354126001621369,0.03341117319643161,0.020000000000000004,0.5962805210755975,406.0,1211.0,0.21330228358691222,195.0,0.045,0.006,0.057534246575342465,1.1142857142857143,0.10821358464023279,short,0.05178933984136336,0.0517415168616301,,0.0517415168616301,binomial_tree,0.01820025684541641,0.008200256845416407,-0.02820025684541641,0.24448267123693146,-0.8407631923125289,False,no_trade_liquidity,0.004100128422708203
AAPL,2026-05-29,2026-06-19,21,225.0,call,american,0.019342402273457085,0.03934240227345708,0.029342402273457083,0.03142203282159268,0.019999999999999997,0.681607450324265,94.0,1437.0,0.21826089746941263,195.0,0.045,0.006,0.057534246575342465,0.8666666666666667,-0.1431008436406733,short,0.011968905957024933,0.011798371159358495,,0.011798371159358495,binomial_tree,-0.017544031114098586,-0.02754403111409859,0.00754403111409859,-0.9387108409666481,0.2571033906423832,False,no_trade_liquidity,0.003772015557049295
AAPL,2026-05-29,2026-08-12,75,215.0,put,american,20.019140163788723,20.7224975622437,20.37081886301621,20.328789940485567,0.7033573984549761,0.034527693912783305,275.0,1709.0,0.21572362612973423,195.0,0.045,0.006,0.2054794520547945,0.9069767441860465,-0.09763846956391606,short,20.200480264638287,20.805284565145957,,20.805284565145957,binomial_tree,0.4344657021297458,0.08278700290225771,-0.7861444013572338,0.004063999756659749,-0.03859169366944305,True,hold,0.0036742204798276
AAPL,2026-05-29,2026-07-13,45,165.0,call,american,30.91577617879964,32.449560024198696,31.682668101499168,31.51613232656212,1.533783845399057,0.048410816932633306,225.0,956.0,0.21571152909294053,195.0,0.045,0.006,0.1232876712328767,1.1818181818181819,0.16705408466316624,short,30.822922294077557,30.822285418683162,,30.822285418683162,binomial_tree,-0.8603826828160059,-1.6272746055155345,0.09349076011647739,-0.05136166563694598,0.0029508487043126766,True,hold,0.002554034825367179
AAPL,2026-05-29,2026-06-19,21,205.0,call,american,0.8845610688216409,0.906956910426934,0.8957589896242875,0.8943987540489974,0.022395841605293176,0.02500208411493227,367.0,1617.0,0.20662614439653948,195.0,0.045,0.006,0.057534246575342465,0.9512195121951219,-0.05001042057466142,short,0.8826749422019091,0.8830882511526853,,0.8830882511526853,binomial_tree,-0.012670738471602161,-0.02386865927424875,0.0014728176689555728,-0.026646296102772127,0.0016442119878398583,True,hold,0.0013705301377189459
AAPL,2026-05-29,2026-08-12,75,175.0,put,american,1.0458474692415982,1.0848853897421118,1.065366429491855,1.067048877507163,0.03903792050051358,0.03664271692804643,236.0,1439.0,0.2181638707898346,195.0,0.045,0.006,0.2054794520547945,1.1142857142857143,0.10821358464023279,short,1.0714598972521294,1.0854395978719418,,1.0854395978719418,binomial_tree,0.02007316838008677,0.0005542081298299806,-0.03959212863034356,0.0005202042362967263,-0.03716292116434316,True,hold,0.00046725507914286096
AAPL,2026-05-29,2026-08-12,75,195.0,call,american,7.841097978561798,7.959603237683639,7.900350608122719,7.914027222985576,0.11850525912184118,0.01500000000000005,578.0,1611.0,0.20078371368743972,195.0,0.045,0.006,0.2054794520547945,1.0,0.0,short,7.845527309457182,7.839639728039851,,7.839639728039851,binomial_tree,-0.06071088008286818,-0.11996350964378877,0.0014582505219475905,-0.015184580481839464,0.00018458048183941296,True,hold,0.00017688962842943737
AAPL,2026-05-29,2026-07-13,45,215.0,call,american,0.7950396009110018,0.822972717957504,0.8090061594342529,0.8035775889138157,0.027933117046502254,0.034527693912783305,35.0,1888.0,0.2144167122959957,195.0,0.045,0.006,0.1232876712328767,0.9069767441860465,-0.09763846956391606,short,0.8049520833398383,0.8043933007396438,,0.8043933007396438,binomial_tree,-0.0046128586946091454,-0.018579417217860272,-0.009353699828641981,-0.022965730237274173,-0.011561963675509131,True,hold,0.0
AAPL,2026-05-29,2026-07-13,45,160.0,call,american,34.05275143649053,35.96296029631822,35.00785586640438,35.30546300061193,1.9102088598276907,0.05456514866598388,231.0,442.0,0.2375409134524024,195.0,0.045,0.006,0.1232876712328767,1.21875,0.19782574332991987,short,35.77753703129733,35.777334933182445,,35.777334933182445,binomial_tree,0.769479066778068,-0.18562536313577738,-1.7245834966919134,-0.005302391664435369,-0.04926275700154851,True,hold,0.0
AAPL,2026-05-29,2026-07-13,45,170.0,call,american,24.980661193469853,26.06383104344584,25.522246118457847,25.451474993644645,1.083169849975988,0.04244022430269697,169.0,1502.0,0.21523429537840483,195.0,0.045,0.006,0.1232876712328767,1.1470588235294117,0.13720112151348496,short,25.956325496087715,25.956035953732187,,25.956035953732187,binomial_tree,0.43378983527433945,-0.10779508971365459,-0.9753747602623335,-0.004223573787876629,-0.03821665051482034,True,hold,0.0
AAPL,2026-05-29,2026-07-13,45,185.0,call,american,12.234068807807823,12.55042737028046,12.392248089044141,12.421023061852347,0.3163585624726366,0.02552874669708444,232.0,1598.0,0.19944861705055295,195.0,0.045,0.006,0.1232876712328767,1.054054054054054,0.05264373348542188,short,12.416217229368897,12.418866463491751,,12.418866463491751,binomial_tree,0.02661837444760984,-0.13156090678870846,-0.18479765568392814,-0.010616387425702048,-0.014912359271382392,True,hold,0.0
AAPL,2026-05-29,2026-06-19,21,230.0,put,american,33.953279612578434,35.62368155947397,34.7884805860262,34.077368079874724,1.670401946895538,0.04801595007188969,361.0,389.0,0.22767330468131808,195.0,0.045,0.006,0.057534246575342465,0.8478260869565217,-0.16507975035944858,short,34.47729869142984,35.0,,35.0,binomial_tree,0.2115194139737966,-0.6236815594739724,-1.0467203874215656,-0.017927818317092357,-0.030088131754797333,True,hold,0.0
AAPL,2026-05-29,2026-06-19,21,170.0,put,american,0.01,0.02,0.015,-6.7038843282052e-05,0.01,0.6666666666666667,173.0,1469.0,0.21845114663011211,195.0,0.045,0.006,0.057534246575342465,1.1470588235294117,0.13720112151348496,short,0.011452606233922746,0.011360009314327887,,0.011360009314327887,binomial_tree,-0.003639990685672112,-0.008639990685672113,-0.0013600093143278872,-0.5759993790448076,-0.09066728762185915,False,no_trade_liquidity,0.0
AAPL,2026-05-29,2026-06-19,21,220.0,call,american,0.02288521742201932,0.042885217422019326,0.032885217422019324,0.02928550699162494,0.020000000000000004,0.6081760002781182,290.0,2881.0,0.2073435115834712,195.0,0.045,0.006,0.057534246575342465,0.8863636363636364,-0.12062798778861475,short,0.02967735657580306,0.029074690830068254,,0.029074690830068254,binomial_tree,-0.0038105265919510696,-0.013810526591951072,-0.006189473408048932,-0.41996154122136964,-0.1882144590567486,False,no_trade_liquidity,0.0
AAPL,2026-05-29,2026-06-19,21,215.0,call,american,0.11630707985666484,0.13630707985666485,0.12630707985666484,0.1289806039497342,0.020000000000000004,0.15834425134914293,230.0,2216.0,0.21330779596840588,195.0,0.045,0.006,0.057534246575342465,0.9069767441860465,-0.09763846956391606,short,0.12672487814869715,0.12655828311430134,,0.12655828311430134,binomial_tree,0.00025120325763650087,-0.009748796742363508,-0.010251203257636496,-0.07718329608622564,-0.08116095526291728,True,hold,0.0
AAPL,2026-05-29,2026-06-19,21,185.0,call,american,10.957488055537388,11.240835748281159,11.099161901909273,11.102776385624129,0.2833476927437708,0.02552874669708435,129.0,1729.0,0.2224505521846881,195.0,0.045,0.006,0.057534246575342465,1.054054054054054,0.05264373348542188,short,11.208947591316928,11.210320420851607,,11.210320420851607,binomial_tree,0.11115851894233408,-0.03051532742955132,-0.2528323653142195,-0.002749336184050265,-0.022779410513034084,True,hold,0.0
AAPL,2026-05-29,2026-06-19,21,160.0,call,american,34.383330438307624,36.31208331914701,35.347706878727315,35.462948141948786,1.928752880839383,0.05456514866598405,170.0,830.0,0.2188338111000053,195.0,0.045,0.006,0.057534246575342465,1.21875,0.19782574332991987,short,35.3465573325297,35.34654940380241,,35.34654940380241,binomial_tree,-0.0011574749249021465,-0.9655339153445937,-0.9632189654947894,-0.027315319736502166,-0.027249828929481884,True,hold,0.0
AAPL,2026-05-29,2026-06-19,21,165.0,call,american,29.988965475682633,31.476768677543497,30.732867076613065,30.83906260330168,1.4878032018608636,0.04841081693263315,248.0,874.0,0.22001083486041442,195.0,0.045,0.006,0.057534246575342465,1.1818181818181819,0.16705408466316624,short,30.361034545227568,30.360991445389097,,30.360991445389097,binomial_tree,-0.3718756312239684,-1.1157772321544002,-0.3720259697064634,-0.03630566680853146,-0.012105150124101691,True,hold,0.0
AAPL,2026-05-29,2026-07-13,45,190.0,call,american,8.839565912046005,9.019902765710025,8.929734338878015,8.911413522243068,0.18033685366401997,0.020195097280651976,426.0,1561.0,0.20634996378243903,195.0,0.045,0.006,0.1232876712328767,1.0263157894736843,0.025975486403260736,short,8.992123285400083,8.990894912137598,,8.990894912137598,binomial_tree,0.06116057325958302,-0.029007853572426967,-0.151329000091593,-0.0032484565017946196,-0.016946640778857356,True,hold,0.0
AAPL,2026-05-29,2026-06-19,21,215.0,put,american,19.580728975091834,20.268683126923204,19.92470605100752,19.747090977469245,0.6879541518313701,0.03452769391278336,333.0,572.0,0.19300850212572282,195.0,0.045,0.006,0.057534246575342465,0.9069767441860465,-0.09763846956391606,short,19.579593075875806,20.0,,20.0,binomial_tree,0.07529394899248132,-0.26868312692320373,-0.41927102490816637,-0.013484923001391903,-0.021042770911391458,True,hold,0.0
AAPL,2026-05-29,2026-07-13,45,225.0,call,american,0.21184363720928778,0.2318436372092878,0.2218436372092878,0.2248164262630636,0.020000000000000018,0.09015358858875891,237.0,1533.0,0.2166697691818878,195.0,0.045,0.006,0.1232876712328767,0.8666666666666667,-0.1431008436406733,short,0.21670380915249599,0.21602926014793644,,0.21602926014793644,binomial_tree,-0.00581437706135135,-0.01581437706135136,-0.004185622938648659,-0.07128614216882875,-0.018867446419930146,True,hold,0.0
AAPL,2026-05-29,2026-08-12,75,190.0,call,american,10.83394194136396,11.054966256576293,10.944454098970127,10.983074032729833,0.22102431521233257,0.02019509728065203,272.0,1606.0,0.20718668133461068,195.0,0.045,0.006,0.2054794520547945,1.0263157894736843,0.025975486403260736,short,10.89112357636482,10.896097206295627,,10.896097206295627,binomial_tree,-0.04835689267449972,-0.158869050280666,-0.062155264931666565,-0.014515941027667664,-0.0056791562529843655,True,hold,0.0
AAPL,2026-05-29,2026-07-13,45,205.0,put,american,11.311584265508511,11.597977662691058,11.454780964099784,11.44070168876959,0.28639339718254675,0.02500208411493218,320.0,1173.0,0.19513294960857097,195.0,0.045,0.006,0.1232876712328767,0.9512195121951219,-0.05001042057466142,short,11.0970115744704,11.325946812921616,,11.325946812921616,binomial_tree,-0.1288341511781681,-0.2720308497694415,-0.014362547413105275,-0.023748236707625252,-0.0012538474073069286,True,hold,0.0
AAPL,2026-05-29,2026-08-12,75,160.0,call,american,35.42510561268304,37.41229747669098,36.41870154468701,36.73880065445356,1.98719186400794,0.05456514866598378,294.0,1494.0,0.21615336696576626,195.0,0.045,0.006,0.2054794520547945,1.21875,0.19782574332991987,short,36.343384267300536,36.3432165380341,,36.3432165380341,binomial_tree,-0.07548500665291158,-1.0690809386568816,-0.9181109253510584,-0.029355273343424453,-0.02520987532255933,True,hold,0.0
AAPL,2026-05-29,2026-07-13,45,225.0,put,american,29.319877187961424,30.627330852718956,29.97360402034019,29.967989143045635,1.3074536647575314,0.04362016872813456,0.0,1069.0,0.1998889699170908,195.0,0.045,0.006,0.1232876712328767,0.8666666666666667,-0.1431008436406733,short,29.033958913301063,30.0,,30.0,binomial_tree,0.02639597965981011,-0.6273308527189556,-0.6801228120385758,-0.020929443529488372,-0.022690725198646188,False,no_trade_liquidity,0.0
AAPL,2026-05-29,2026-08-12,75,170.0,call,american,26.398040993699137,27.542668907322163,26.97035495051065,26.723830731967702,1.144627913623026,0.042440224302696984,213.0,1391.0,0.23240053053214607,195.0,0.045,0.006,0.2054794520547945,1.1470588235294117,0.13720112151348496,short,27.05721932289657,27.057378877538333,,27.057378877538333,binomial_tree,0.08702392702768336,-0.4852900297838296,-0.6593378838391963,-0.01799346099353584,-0.02444676330916114,True,hold,0.0
AAPL,2026-05-29,2026-08-12,75,165.0,call,american,30.816583329551634,32.345446050251255,31.581014689901444,31.175974449797355,1.528862720699621,0.04841081693263328,491.0,2308.0,0.2188690470589002,195.0,0.045,0.006,0.2054794520547945,1.1818181818181819,0.16705408466316624,short,31.55429194878039,31.554421657027383,,31.554421657027383,binomial_tree,-0.026593032874060896,-0.7910243932238714,-0.7378383274757496,-0.025047466048543864,-0.02336335088408941,True,hold,0.0
AAPL,2026-05-29,2026-07-13,45,215.0,put,american,19.624027530876912,20.313502944825668,19.96876523785129,19.83234632999988,0.689475413948756,0.034527693912783264,182.0,985.0,0.20616427990963698,195.0,0.045,0.006,0.1232876712328767,0.9069767441860465,-0.09763846956391606,short,19.65267449639802,20.15866577210399,,20.15866577210399,binomial_tree,0.18990053425270048,-0.15483717272167752,-0.5346382412270785,-0.0077539683038678735,-0.02677372560891539,True,hold,0.0
AAPL,2026-05-29,2026-09-26,120,195.0,call,american,10.395051769830978,10.552155826805755,10.473603798318367,10.492557164206412,0.15710405697477725,0.015000000000000168,342.0,1148.0,0.2075800402543259,195.0,0.045,0.006,0.3287671232876712,1.0,0.0,short,10.469533596290375,10.461845850778607,,10.461845850778607,binomial_tree,-0.011757947539759783,-0.09030997602714841,-0.06679408094762884,-0.008622626725831323,-0.006377373274168844,True,hold,0.0
AAPL,2026-05-29,2026-09-26,120,175.0,call,american,23.89952831793566,24.791616231244763,24.34557227459021,24.04737360416055,0.8920879133091049,0.036642716928046444,216.0,2152.0,0.20690465299449326,195.0,0.045,0.006,0.3287671232876712,1.1142857142857143,0.10821358464023279,short,23.92571653834773,23.923666368105433,,23.923666368105433,binomial_tree,-0.42190590648477766,-0.8679498631393301,-0.024138050169774772,-0.03565124094639667,-0.0009914759816497707,True,hold,0.0
AAPL,2026-05-29,2026-09-26,120,160.0,call,american,36.1098041167426,38.135404540810804,37.1226043287767,36.985209611391134,2.0256004240682017,0.05456514866598399,16.0,498.0,0.23632645492796742,195.0,0.045,0.006,0.3287671232876712,1.21875,0.19782574332991987,short,37.5779695991412,37.578529757756534,,37.578529757756534,binomial_tree,0.4559254289798318,-0.5568747830542691,-1.4687256410139327,-0.015000962166401425,-0.03956418649958257,False,no_trade_liquidity,0.0
AAPL,2026-05-29,2026-09-26,120,165.0,call,american,32.238919178353626,33.838346381568826,33.038632779961226,33.164058193567584,1.5994272032151997,0.04841081693263328,176.0,2049.0,0.22741009054082795,195.0,0.045,0.006,0.3287671232876712,1.1818181818181819,0.16705408466316624,short,32.927141328049004,32.92471918945051,,32.92471918945051,binomial_tree,-0.11391359051071959,-0.9136271921183194,-0.6858000110968803,-0.027653299039434153,-0.020757517893199125,True,hold,0.0
AAPL,2026-05-29,2026-08-12,75,225.0,put,american,29.996396546667743,31.334018063396474,30.66520730503211,30.72324148269663,1.3376215167287313,0.04362016872813476,132.0,782.0,0.220548617765059,195.0,0.045,0.006,0.2054794520547945,0.8666666666666667,-0.1431008436406733,short,29.01834521399695,30.066152303758617,,30.066152303758617,binomial_tree,-0.5990550012734914,-1.267865759637857,-0.06975575709087423,-0.041345416224523694,-0.0022747525036110688,True,hold,0.0
AAPL,2026-05-29,2026-08-12,75,230.0,put,american,33.742484699270854,35.40251615360713,34.57250042643899,34.93264467054362,1.660031454336277,0.048015950071889614,163.0,1745.0,0.2219867561924257,195.0,0.045,0.006,0.2054794520547945,0.8478260869565217,-0.16507975035944858,short,33.66283651104936,35.0,,35.0,binomial_tree,0.42749957356100765,-0.4025161536071309,-1.2575153007291462,-0.011642668266461586,-0.03637328180542803,True,hold,0.0
AAPL,2026-05-29,2026-09-26,120,230.0,call,american,1.5419472571199118,1.6178065475829497,1.5798769023514307,1.5784539045299442,0.07585929046303796,0.04801595007188964,66.0,1397.0,0.22472197392680876,195.0,0.045,0.006,0.3287671232876712,0.8478260869565217,-0.16507975035944858,short,1.573969112158018,1.5695898734587872,,1.5695898734587872,binomial_tree,-0.010287028892643546,-0.04821667412416253,-0.027642616338875436,-0.030519260109695003,-0.01749668996219464,True,hold,0.0
AAPL,2026-05-29,2026-09-26,120,230.0,put,american,33.84109111592496,35.50597371725602,34.67353241659049,35.29511082648526,1.6648826013310583,0.04801595007188971,213.0,977.0,0.22445888642454018,195.0,0.045,0.006,0.3287671232876712,0.8478260869565217,-0.16507975035944858,short,33.5742855192311,35.15826461185128,,35.15826461185128,binomial_tree,0.4847321952607899,-0.3477091054047392,-1.317173495926319,-0.010028084281322557,-0.03798786579056715,True,hold,0.0
