spot,strike,maturity,rate,dividend,volatility,moneyness,log_moneyness,maturity_bucket_short,maturity_bucket_medium,maturity_bucket_long,is_put,is_american,hurst,eta,rho,price_black_scholes,price_tree,price_monte_carlo,price_lsmc,price_rough_bergomi_mc,price_rough_bergomi_lsmc,early_exercise_premium,case_id,target_method,target_price,target_runtime_seconds,target_std_error,target_minus_low_path_rough_lsmc,tree_vs_rough_target_gap,market_iv,model_iv,iv_error,market_iv_clipped,model_iv_clipped,bid,ask,mid_price,spread,relative_spread
127.39560485559633,103.36391875650942,1.7015000760447885,0.07518653649830713,0.020439155471434857,0.3387529368138664,1.2324958881996093,0.20904129078278155,0.0,0.0,1.0,1.0,1.0,0.25509282572004455,0.5311746948530331,-0.41708878778061964,6.769713428594123,7.303587426205787,6.6089268470746765,7.061518263784088,1.8961815816879657,2.009082596589363,0.5338739976116642,synthetic_00000,rough_bergomi_lsmc_6000x60,2.2148719677601663,0.037721000000601634,0.05783554648926332,0.2057893711708032,-5.088715458445622,0.21862485299284395,0.2182691749604869,0.00035567803235705964,0.0,0.0,2.2046498147984357,2.247184542958691,2.2259171788785634,0.0425347281602555,0.019108854796513527
93.88784397520523,105.9938640621928,1.6444299045690332,0.018381351195078596,0.0108814263348481,0.48071628159200386,0.8857856518950544,-0.1212802855300131,0.0,0.0,1.0,1.0,1.0,0.22318899714710688,2.490071390775946,-0.5088932237720787,29.274369622899705,29.593889785020956,29.183539100984454,29.69209010518122,17.488565316214853,17.797823625677033,0.31952016212125045,synthetic_00001,rough_bergomi_lsmc_6000x60,19.367076698430555,0.04464240000015707,0.16566870452002616,1.569253072753522,-10.2268130865904,0.27124923715625615,0.27008518391555825,0.0011640532406979043,0.0,0.0,19.22120202602844,19.621714538248543,19.42145828213849,0.40051251222010364,0.020622164741792154
135.85979199113825,83.37777284559556,0.657121298441259,0.018197249613007737,0.029415312420450413,0.5516639359820266,1.629448561101918,0.48824165150781895,0.0,1.0,0.0,1.0,1.0,0.06433710056726527,1.8005751676149846,-0.7814206503971393,3.3210879435148115,3.3263194856762763,3.2327086181908227,3.2908931424342107,0.1785196262098293,0.17851962620982953,0.005231542161464819,synthetic_00002,rough_bergomi_lsmc_6000x60,1.4297874809548137,0.03051930000219727,0.04310192669021011,1.251267854744984,-1.8965320047214627,0.4343015574920428,0.43338728896476614,0.0009142685272766626,0.0,0.0,1.4283043802490887,1.4552272618570503,1.4417658210530695,0.026922881607961635,0.018673546851247377
119.73680290593639,96.63229608682438,1.1788467835483436,0.01613963083375379,0.015852045565861894,0.46034797335917577,1.2390971523470016,0.21438301147529473,0.0,1.0,0.0,1.0,1.0,0.4339098089316881,1.519903575901413,-0.7869025324183176,11.452549883585387,11.499214549559946,11.231637294219466,11.127551659677822,0.6796888160578296,0.6796888160578303,0.04666466597455887,synthetic_00003,rough_bergomi_lsmc_6000x60,0.572225513278366,0.032175799999095034,0.05559624568282748,-0.10746330277946425,-10.92698903628158,0.14005615211189826,0.14007093103118606,-1.4778919287805614e-05,0.0,0.0,0.5647796193456405,0.5791740948268522,0.5719768570862463,0.014394475481211755,0.025166185139971955
59.41773478876495,81.6645669544757,1.310527686225019,0.056050429952836954,0.0018029917138681851,0.5816056117746898,0.7275828061622814,-0.318027463510345,0.0,0.0,1.0,1.0,1.0,0.09120107365206352,0.7351799077234895,-0.042975255738885054,27.07348776669742,28.51051861383094,27.1017687672065,28.86124052291938,28.51786021109228,29.954538509412465,1.4370308471335207,synthetic_00004,rough_bergomi_lsmc_6000x60,29.758880232712613,0.04478159999780473,0.19240861982525367,-0.19565827669985225,1.248361618881674,0.6812953355665797,0.6808678609912193,0.0004274745753604092,0.0,0.0,29.419456555608484,30.121387419633926,29.770421987621205,0.7019308640254422,0.023578129470832192
147.5622351636756,99.75963276978075,1.7685431691080196,0.039302581055326566,0.02092000220784302,0.4910025853690886,1.4791778103695592,0.39148639987601536,0.0,0.0,1.0,1.0,1.0,0.06643163732193878,2.724141054188493,-0.4661723163722845,11.346069918944053,11.562634836279807,11.094771755793339,11.082920969880327,0.6889970086035104,0.7241433521009119,0.216564917335754,synthetic_00005,rough_bergomi_lsmc_6000x60,2.5131581545175687,0.03433290000248235,0.07627657705042383,1.789014802416657,-9.049476681762238,0.2738247497279039,0.27427232680942776,-0.00044757708152387554,0.0,0.0,2.47335699932988,2.5256483857734446,2.4995026925516624,0.05229138644356457,0.02092071618861989
126.1139701990353,93.19444849331141,1.30543752534277,0.06420249912992904,0.023706633754508516,0.5334007191309632,1.3532347928223056,0.3024978691090345,0.0,0.0,1.0,1.0,1.0,0.1484266446019754,1.487518100101391,-0.04211502758532992,10.551057250888789,10.856450044820035,10.329064746025251,10.571313326612156,3.3639787277573903,4.308859950817479,0.3053927939312455,synthetic_00006,rough_bergomi_lsmc_6000x60,3.521043688681455,0.03965980000066338,0.0717966909087953,-0.7878162621360238,-7.335406356138579,0.32913561935960556,0.32921293602741014,-7.731666780458335e-05,0.0,0.0,3.4847012310903116,3.5528497784451583,3.518775504767735,0.06814854735484666,0.01936711997185082
128.60643052769538,85.78096755464188,0.9720002462289405,0.056986198931601485,0.01127964341021055,0.1570520355918186,1.4992420136293518,0.40495965614174,0.0,1.0,0.0,1.0,1.0,0.07621217356735298,2.206453995523051,-0.752780810060901,0.008432628323054359,0.008635925545417294,0.008969860722421728,0.015013618526815528,0.0,0.0,0.0002032972223629352,synthetic_00007,rough_bergomi_lsmc_6000x60,0.0,0.02755040000192821,0.0,0.0,-0.008635925545417294,0.15050494464889136,0.0804883124747991,0.07001663217409226,0.0,0.0,0.0,0.010388836498162194,0.005194418249081097,0.010388836498162194,2.0
62.81136326755458,84.13611870890206,0.9048220759625697,0.03335464308297668,0.028622896656105786,0.46620675149689383,0.7465445783739106,-0.2922999472769292,0.0,1.0,0.0,1.0,1.0,0.23204713696470497,0.8734353909203769,-0.4010251031640598,25.238402346689853,25.543337356825273,25.236954083489206,25.769724730920522,24.38241015994838,24.538906167469094,0.30493501013542,synthetic_00008,rough_bergomi_lsmc_6000x60,24.567475089316577,0.04273309999916819,0.1735738108256277,0.028568921847483608,-0.9758622675086954,0.44085309709167164,0.4341099718243816,0.00674312526729004,0.0,0.0,24.44356670389209,24.969989374167227,24.706778039029658,0.5264226702751387,0.021306811816722566
95.03859378955671,103.50578288710848,0.9952936511536423,0.07288565831530751,0.028288595021596048,0.32004434976368434,0.9181959803464629,-0.08534442493039555,0.0,1.0,0.0,1.0,1.0,0.25643512050284495,2.9038740738525814,-0.7130544719836147,13.993926751322462,14.891757442481662,13.871425305087302,14.947831281853386,8.927066137139231,9.771086577385999,0.8978306911592,synthetic_00009,rough_bergomi_lsmc_6000x60,10.479240593805285,0.04562589999841293,0.08363859513560441,0.7081540164192859,-4.412516848676377,0.22441579836050793,0.2244183883650309,-2.590004522962097e-06,0.0,0.0,10.429788303968628,10.528502865943057,10.479145584955843,0.09871456197442896,0.009420096435738651
87.07980242325812,86.82371874147545,1.3908792947649549,0.06337725029494566,0.03510010905551857,0.37655190120563764,1.0029494668679786,0.0029451257245203676,0.0,0.0,1.0,1.0,1.0,0.17502797961143357,0.9461044045545772,-0.6721338544860587,12.618143375410995,13.161477508851792,12.466951024671992,13.075083127119756,6.555559973066581,6.564578608478406,0.5433341334407977,synthetic_00010,rough_bergomi_lsmc_6000x60,7.230101287522717,0.042637200000172015,0.10019778649433156,0.6655226790443107,-5.931376221329075,0.232000505070121,0.2321221633972913,-0.00012165832717031533,0.0,0.0,7.159725632667607,7.291377507211166,7.225551569939387,0.1316518745435591,0.018220321766337276
142.67649888486017,117.00480473507189,1.7681086055665685,0.028937445863712302,0.0323974241100605,0.4270512047411784,1.2194071791146988,0.19836482188994314,0.0,0.0,1.0,1.0,1.0,0.07038419302995443,0.9988549822487259,-0.8729508791149391,17.214220364151558,17.35894485045022,16.932518811495378,17.094395816503727,4.197757736340118,4.2235279018048795,0.14472448629866363,synthetic_00011,rough_bergomi_lsmc_6000x60,5.701963048418976,0.03598920000149519,0.11561523810451566,1.4784351466140961,-11.656981802031247,0.22456895923011608,0.22457452512632864,-5.5658962125615385e-06,0.0,0.0,5.667655278691703,5.73568989938189,5.7016725890367965,0.06803462069018629,0.011932396963831908
114.38651200806646,103.2424455880158,1.0443195436335246,0.035493441244043786,0.03262165282605158,0.5849075583527847,1.1079407442993026,0.10250310702071694,0.0,1.0,0.0,1.0,1.0,0.09464014729969068,2.6474571513942844,-0.7929420203338098,19.512080232983187,19.681760375200902,19.286853875026367,19.495994885909198,17.63199894641317,17.6319989464132,0.16968014221771455,synthetic_00012,rough_bergomi_lsmc_6000x60,26.41633045370804,0.03935479999927338,0.2491370318650443,8.784331507294837,6.7345700785071365,0.759393884917832,0.7583042472122558,0.0010896377055762407,0.0,0.0,26.224786391047235,26.693507901827378,26.459147146437306,0.4687215107801421,0.01771491379468952
132.276161327083,93.87479218139349,0.6837192351648766,0.032010798614298404,0.015810707591202157,0.5922890407158123,1.4090700842403663,0.34292997209142934,0.0,1.0,0.0,1.0,1.0,0.20380175119597127,2.7814568603548278,-0.0748364331337239,7.253775241538392,7.303662575663076,7.081139725499286,7.014123273164533,0.37693515944148537,0.39933653708592315,0.04988733412468438,synthetic_00013,rough_bergomi_lsmc_6000x60,0.36162618283679854,0.03185719999964931,0.04983445428982875,-0.03771035424912461,-6.942036392826278,0.24485967240326445,0.24519935305333604,-0.00033968065007158876,0.0,0.0,0.35118152829028176,0.3667593545131023,0.35897044140169204,0.015577826222820557,0.04339584663849465
94.3414198827331,103.63661965925667,0.664159135245767,0.021032815403749978,0.039371611099297696,0.24411412274395264,0.9103096974111571,-0.09397041054383225,0.0,1.0,0.0,1.0,1.0,0.07421138033061446,1.0303685188082534,-0.6106203076659015,13.900995120380486,13.904478821450919,13.867398926891001,13.908283362819889,13.504433841681717,13.52868287124126,0.003483701070432943,synthetic_00014,rough_bergomi_lsmc_6000x60,13.883354030739783,0.04235489999700803,0.1251772213835409,0.35467115949852257,-0.021124790711136043,0.24610604018500132,0.24346517157056946,0.002640868614431857,0.0,0.0,13.849142468889568,14.061304539485612,13.95522350418759,0.21216207059604386,0.015203057875237878
72.72387217847769,80.9121548411879,1.555524990426031,0.020344836077953416,0.027457219179983974,0.4668767487189581,0.8988003387280695,-0.10669436180402292,0.0,0.0,1.0,1.0,1.0,0.32927589024396536,1.6745022204370699,-0.35268370927686754,21.648720985630085,21.774996737369438,21.58250941429902,21.95017635863549,14.0869659306124,15.267803513534526,0.12627575173935313,synthetic_00015,rough_bergomi_lsmc_6000x60,15.628938236224757,0.04341679999924963,0.10720708698913574,0.36113472269023106,-6.146058501144681,0.29313750810145567,0.29286110705606505,0.0002764010453906174,0.0,0.0,15.536279272437213,15.740578190436885,15.638428731437049,0.20429891799967237,0.013063903126596204
105.45847870158349,118.34236852965782,1.6789953359918433,0.07552892243630209,0.021570909758994505,0.4749917689676343,0.891130370397771,-0.11526454302551876,0.0,0.0,1.0,1.0,1.0,0.1328082166099248,2.333737261407075,-0.48148728120965434,26.181025116895576,28.38547826007083,26.019175896628013,28.47412000545057,18.054367215847133,18.88212474200497,2.204453143175254,synthetic_00016,rough_bergomi_lsmc_6000x60,21.150639029447742,0.04393029999846476,0.19277705945272225,2.2685142874427733,-7.234839230623088,0.37445568635834386,0.376705145392577,-0.0022494590342331255,0.0,0.0,20.82386093133355,21.245230655292822,21.034545793313185,0.4213697239592733,0.02003227110771393
56.38172561041753,99.29213747771601,0.4342366397447187,0.04065328260391273,0.031300624047052854,0.27324643065652443,0.5678367597139421,-0.5659212964366258,1.0,0.0,0.0,1.0,1.0,0.1708286275134554,2.695914334527004,-0.5395938792792495,41.937403267618215,42.91041186729848,41.95393561768884,42.946221224743546,42.5942398570455,44.2266647647856,0.9730085996802629,synthetic_00017,rough_bergomi_lsmc_6000x60,44.44946930856882,0.047611500001949025,0.05436661933174871,0.22280454378321934,1.5390574412703444,0.7703936843364374,0.7739551536758884,-0.0035614693394510066,0.0,0.0,43.85444319033416,44.97190870470855,44.41317594752135,1.1174655143743877,0.02516067564487588
132.7631171992582,111.30940909001146,0.3664779996715618,0.03683238759441869,0.018032866722512714,0.1619348874321105,1.192739394491781,0.17625267373068426,1.0,0.0,0.0,1.0,1.0,0.20765031087123903,1.447631737593263,-0.4213025177885387,0.14145804575832255,0.1419581853370187,0.1495313401185976,0.1627108835106258,0.0,0.0,0.0005001395786961571,synthetic_00018,rough_bergomi_lsmc_6000x60,0.0,0.027725200001441408,0.0,0.0,-0.1419581853370187,0.11317489748703179,0.05456835342667462,0.05860654406035717,0.0,0.0,0.0,0.01907447607199607,0.009537238035998034,0.01907447607199607,2.0
113.16643991220649,83.30919999689755,1.2902589115737906,0.06107799960741646,0.025636962230337915,0.12047348014285988,1.3583906689347733,0.3063006673926173,0.0,0.0,1.0,1.0,1.0,0.21664385322765917,1.792548717123573,-0.7314849498461926,0.0200326719473502,0.02099071484913727,0.0262088725211094,0.03322749784020479,0.0,0.0,0.0009580429017870713,synthetic_00019,rough_bergomi_lsmc_6000x60,0.0,0.02872909999859985,0.0,0.0,-0.02099071484913727,0.10125119067246117,0.055273820828736685,0.04597736984372449,0.0,0.0,0.0,0.006490271804371245,0.0032451359021856223,0.006490271804371245,2.0
125.80877400853738,99.46633323352641,0.505803177337222,0.048709514567703,0.03683528442411101,0.4886715637645893,1.264837758854188,0.23494386008404547,0.0,1.0,0.0,1.0,1.0,0.05066428306992021,2.3542910262993373,-0.010256491332381157,5.4513949263341175,5.486462059298873,5.328540275007714,5.306272058405749,1.2887654446933838,1.3719174854525809,0.03506713296475539,synthetic_00020,rough_bergomi_lsmc_6000x60,1.442602974888668,0.034660300003451994,0.08099945608592295,0.0706854894360871,-4.0438590844102045,0.29599534579312703,0.29606328315349995,-6.793736037291609e-05,0.0,0.0,1.432290959526465,1.4507347053522346,1.4415128324393498,0.018443745825769575,0.012794714976320253
85.45259681298683,99.62827977418084,1.6931623332985972,0.07552979907869235,0.04432014433618539,0.344849870908453,0.8577142655345966,-0.1534842588113838,0.0,0.0,1.0,1.0,1.0,0.09482814839947902,2.3278399416319884,-0.1635229181665233,19.37962800811131,21.056386871673958,19.28561256675476,21.196292579711592,16.986304219765085,18.742968051223627,1.6767588635626467,synthetic_00021,rough_bergomi_lsmc_6000x60,18.575246510706002,0.04494899999917834,0.11104179063321262,-0.16772154051762556,-2.481140360967956,0.32588229207787733,0.3253012599710286,0.0005810321068487334,0.0,0.0,18.401967520663398,18.7963313633175,18.59914944199045,0.3943638426541014,0.021203326737284246
147.06980243949033,117.51305819899932,0.7930856793671303,0.06462110457365745,0.046052859864759585,0.5927700847474631,1.2515188073008783,0.2243578595841093,0.0,1.0,0.0,1.0,1.0,0.39510582549635126,2.4574003250652123,-0.23254683054163627,13.88739386664961,14.080147249246638,13.617582892180508,13.760758155720504,0.13244151613635397,0.4876036387874451,0.19275338259702757,synthetic_00022,rough_bergomi_lsmc_6000x60,0.5660634417247465,0.033428999999159714,0.03896840493217076,0.07845980293730143,-13.51408380752189,0.17699551938080224,0.17756119412811397,-0.0005656747473117285,0.0,0.0,0.5470682024273136,0.5690422946659138,0.5580552485466137,0.02197409223860025,0.03937619491229421
139.31211213221977,102.86912209504301,0.5017758826994996,0.04355586948871783,0.025181646259154963,0.33248672809682656,1.3542655881082206,0.303259305999665,0.0,1.0,0.0,1.0,1.0,0.050493225004763255,1.924834546603816,-0.4781166326874428,1.1858618316063918,1.1910820091926353,1.1441984232179183,1.2013665871667305,0.0,0.0,0.005220177586243491,synthetic_00023,rough_bergomi_lsmc_6000x60,0.010894634067809897,0.02853749999849242,0.0035269859117970275,0.010894634067809897,-1.1801873751248253,0.15478306243452394,0.15888803521917128,-0.004104972784647332,0.0,0.0,0.0017883587300234248,0.014776160254431295,0.00828225949222736,0.012987801524407872,1.5681471386638532
127.83834970737618,98.93957604227815,1.8616983268530378,0.036345163143657835,0.026013755737028455,0.5889584895369201,1.2920850767821082,0.2562572520950268,0.0,0.0,1.0,1.0,1.0,0.25326694232515007,0.761537742011938,-0.7624105900862976,20.607881354509942,20.976809653367393,20.346801368841785,20.836448202868173,0.12723666591609503,0.1384344774919699,0.36892829885745115,synthetic_00024,rough_bergomi_lsmc_6000x60,0.4196885016333387,0.030607600001530955,0.02045526218962928,0.2812540241413688,-20.557121151734055,0.125500119386206,0.12595197295027158,-0.0004518535640655741,0.0,0.0,0.4059845702549985,0.4190681631194047,0.4125263666872016,0.01308359286440619,0.03171577363520823
69.46387078519676,90.67902652367574,0.5396805147867367,0.07906420814470254,0.03999352053819183,0.30578800109702997,0.7660412054275877,-0.26651931770192966,0.0,1.0,0.0,1.0,1.0,0.24580080260288323,2.7599332271951003,-0.0714007275537889,20.107856737309824,21.361940396042357,20.105798862299917,21.424712741374822,20.859154376101344,22.08568468923817,1.254083658732533,synthetic_00025,rough_bergomi_lsmc_6000x60,22.100477944355838,0.042441300000064075,0.08217049203413108,0.014793255117666604,0.7385375483134808,0.43447414110153953,0.4404552030638984,-0.005981061962358869,0.0,0.0,21.8233384927447,22.1789131875377,22.0011258401412,0.35557469479299897,0.016161659061294516
96.67210037270343,93.26275989370208,0.7482601440913872,0.06024321652025505,0.015722534587210065,0.49684107527998633,1.0365562898083565,0.03590395900072097,0.0,1.0,0.0,1.0,1.0,0.18323766440425515,2.6639313483025706,-0.5927516393564451,12.717847642603779,13.037775069772067,12.539802164963024,12.861737251243035,6.62284538568141,6.648778261999507,0.31992742716828815,synthetic_00026,rough_bergomi_lsmc_6000x60,8.62872771303686,0.040275800001836615,0.09925215064436366,1.9799494510373528,-4.409047356735208,0.3638511134398599,0.36385517760832314,-4.06416846326918e-06,0.0,0.0,8.557902957340268,8.699302882943027,8.628602920141647,0.1413999256027587,0.016387348787680393
54.380376578722874,100.82689609886151,0.5188234415861026,0.07658362620026887,0.04186911811725343,0.14240963615591604,0.5393439516912483,-0.6174017822937574,0.0,1.0,0.0,1.0,1.0,0.2225308080585799,2.4952435895458325,-0.8549039792727596,43.687421714739585,46.44651952013864,43.692103071928344,46.376021169653455,43.69083933402995,46.48424516929219,2.759097805399051,synthetic_00027,rough_bergomi_lsmc_6000x60,46.52399951120879,0.04296280000198749,0.002468605220860825,0.03975434191660554,0.07747999107015602,0.7744260420209328,0.7761145790851794,-0.0016885370642466535,0.0,0.0,46.06032760769881,46.94999946871788,46.50516353820834,0.8896718610190675,0.01913060385838916
65.42894920675478,97.55645841220186,0.45210761141437117,0.018293500405192897,0.024707082325871172,0.37773085506888193,0.6706777826056389,-0.3994664621062835,1.0,0.0,0.0,1.0,1.0,0.3622324550106337,0.7496561929018237,-0.5918366908704342,32.53261127713608,32.593458220700064,32.58084622430672,32.78507512649976,32.088664626086555,32.6648567655288,0.060846943563987566,synthetic_00028,rough_bergomi_lsmc_6000x60,32.509579744239026,0.04453609999836772,0.0774624925861196,-0.15527702128977694,-0.08387847646103808,0.375327960058479,0.3738438705624078,0.0014840894960712059,0.0,0.0,32.06012911183906,32.97647599727591,32.518302554557486,0.9163468854368517,0.02817941938695765
118.30489532424546,80.86448319521321,0.2870090285887701,0.06953735754335479,0.00579283621676342,0.5010298934928621,1.4630019342193552,0.38049044412826516,1.0,0.0,0.0,1.0,1.0,0.3864814824859826,1.010993417703573,-0.1849886725537041,0.781229207330778,0.7868588127106351,0.749544803575266,0.7875860127550192,0.013881755804383196,0.015995169357999422,0.005629605379857017,synthetic_00029,rough_bergomi_lsmc_6000x60,0.02426882620936748,0.028774200000043493,0.003783457894103165,0.008273656851368057,-0.7625899865012676,0.287763777006353,0.28984726206693884,-0.00208348506058581,0.0,0.0,0.011849343052522287,0.033586965432140486,0.02271815424233139,0.0217376223796182,0.9568392813846587
124.47621559078172,113.05167696777431,0.3469419660374552,0.054595171879384535,0.003602957353647185,0.5623508336099443,1.101055896997123,0.09626962574984835,1.0,0.0,0.0,1.0,1.0,0.15413941736610004,2.3590009127691296,-0.3395621295106127,9.674922736558301,9.789678843624419,9.487098558080326,9.619485394362185,4.956440269468359,5.054791974251073,0.11475610706611761,synthetic_00030,rough_bergomi_lsmc_6000x60,5.634580987983607,0.03981070000008913,0.08136247040682117,0.5797890137325332,-4.155097855640812,0.40135694542451333,0.40167892732669397,-0.0003219819021806347,0.0,0.0,5.5508249722271685,5.702624656751022,5.626724814489095,0.15179968452385317,0.02697833811473443
146.75097324342102,115.84643087359066,0.5556225741377422,0.01853451748345788,0.04209966055197316,0.5112915453087158,1.2667716401513722,0.23647164843410134,0.0,1.0,0.0,1.0,1.0,0.17899617638709192,0.5578502364548661,-0.22424527372962633,8.348059738995868,8.34078868711241,8.151074269616359,8.123696910703726,5.917531618946861,5.924924845102291,-0.007271051883458668,synthetic_00031,rough_bergomi_lsmc_6000x60,6.120088025525435,0.034977399998751935,0.13557214999207845,0.19516318042314396,-2.2207006615869744,0.4394133565878133,0.43878471673171954,0.0006286398560937378,0.0,0.0,6.081467272009246,6.196179358237617,6.138823315123432,0.11471208622837104,0.018686331295082168
82.58253581381518,85.60996355994443,0.34341838209755693,0.05117805999784545,0.002778395845343895,0.11848536360058712,0.9646369695741147,-0.036003445755643286,1.0,0.0,0.0,1.0,1.0,0.1469931412113331,2.948061584268199,-0.18572815452386038,3.2039116519671467,3.5408287280609234,3.173768179596655,3.5326684674489757,2.9677041480740085,3.2534346548332382,0.33691707609377675,synthetic_00032,rough_bergomi_lsmc_6000x60,3.27418174241773,0.045344800000748364,0.01956319505450441,0.02074708758449173,-0.26664698564319345,0.12170096620376224,0.12223455162615332,-0.0005335854223910835,0.0,0.0,3.23290098059535,3.295441158769344,3.264171069682347,0.06254017817399404,0.01915958962900806
87.0459706034869,102.16144574156198,1.2845016781941996,0.05802674555738142,0.014030571806682796,0.2863511706533671,0.8520432534176079,-0.1601179865193429,0.0,0.0,1.0,1.0,1.0,0.24194536022042606,1.4428617008892017,-0.7092408500275117,16.86949683359935,18.39412423345515,16.7876867597917,18.52277947259233,12.690529578488569,15.40757693157058,1.5246273998557989,synthetic_00033,rough_bergomi_lsmc_6000x60,15.49337001168825,0.04300380000131554,0.04720570357131834,0.08579308011766962,-2.900754221766899,0.25075135353894995,0.250100078418661,0.0006512751202889522,0.0,0.0,15.356626653340351,15.679224855404838,15.517925754372595,0.3225982020644871,0.020788745040463047
96.95558112758079,84.34302964541774,1.4412504218991362,0.010861188012202198,0.016706502025077292,0.12434923615692564,1.1495387530562613,0.1393607776204343,0.0,0.0,1.0,1.0,1.0,0.32330334306352515,2.2982813342270587,-0.06859501551613778,1.3834985859797442,1.385428612160002,1.3503552849099778,1.355939606441121,0.0031952029029828177,0.003195202902982815,0.0019300261802577268,synthetic_00034,rough_bergomi_lsmc_6000x60,0.0018147794355209447,0.027996400000120047,0.0014816169111691194,-0.0013804234674618704,-1.383613832724481,0.039980028996986126,0.03701334109038695,0.0029666879065991733,0.0,0.0,0.0,0.00822677240477963,0.004113386202389815,0.00822677240477963,2.0
68.94713590842858,106.88960372159247,0.9388532994560495,0.04180225732892227,0.00864972225957969,0.154641145557279,0.6450312613003052,-0.43845649622860194,0.0,1.0,0.0,1.0,1.0,0.1413011501853682,2.7189277212201084,-0.5058093573716647,34.39885622968072,37.94246781316389,34.41304516179409,37.85186377884702,35.455939432554445,38.2007501392282,3.5436115834831696,synthetic_00035,rough_bergomi_lsmc_6000x60,38.5283047325206,0.04491090000010445,0.03363187447699087,0.32755459329240466,0.5858369193567157,0.4788358540193849,0.485366595625056,-0.006530741605671131,0.0,0.0,38.01303400824668,38.76194545721272,38.3874897327297,0.7489114489660409,0.01950925820313561
62.99215053354716,91.24935135356033,0.8064844196660865,0.06777796578374248,0.015694668490099463,0.43765281433374204,0.6903298445319782,-0.37058576005983546,0.0,1.0,0.0,1.0,1.0,0.1822942968219467,1.4865747203752058,-0.32488771566225183,27.407095828376868,29.153541323620804,27.41269493564407,29.27813534271413,28.46573245906657,29.188805986271245,1.746445495243936,synthetic_00036,rough_bergomi_lsmc_6000x60,29.19001552116383,0.04301919999852544,0.12522989113301514,0.001209534892584685,0.03647419754302561,0.5289222570477735,0.5303621573993897,-0.00143990035161623,0.0,0.0,28.947382741144256,29.3747320928443,29.16105741699428,0.4273493517000446,0.014654796140931327
97.57049262259338,106.37690538767608,1.1329209147889028,0.03067513177408629,0.037134628336254284,0.45662909815584907,0.9172149938655488,-0.08641338069900416,0.0,1.0,0.0,1.0,1.0,0.4221538470356602,1.2978312214991652,-0.8979221046719322,23.78347139538895,23.947728985495267,23.66577860924087,24.01357902993445,10.155623712098455,10.569093646732785,0.1642575901063168,synthetic_00037,rough_bergomi_lsmc_6000x60,10.272595177438351,0.04311349999989034,0.1384648766759548,-0.29649846929443413,-13.675133808056916,0.09970328274986423,0.09982273073884662,-0.00011944798898239073,0.0,0.0,10.179329648372597,10.359133838579687,10.269231743476142,0.17980419020708993,0.017509020606270406
72.69093490508841,109.0797845714753,1.781258648910565,0.04209836572589858,0.0007341421780035385,0.48686034137581313,0.666401526099982,-0.40586289806612685,0.0,0.0,1.0,1.0,1.0,0.06942771593878323,2.021852822245617,-0.005968351429939789,39.139654802997335,41.53549516327862,39.17233234538371,41.844208571507565,37.78150048535421,42.51130009398204,2.3958403602812837,synthetic_00038,rough_bergomi_lsmc_6000x60,41.75407430696695,0.04700550000052317,0.15125723843018904,-0.7572257870150878,0.21857914368833065,0.5550576350996445,0.5551115868467712,-5.3951747126745886e-05,0.0,0.0,41.2154153329093,42.28857512001184,41.75199522646057,1.07315978710254,0.02570319768628491
116.98139946825104,110.74589967670627,1.7394803469388604,0.04096198889475253,0.04135867122603432,0.5327282740278314,1.056304565764942,0.054776558250723084,0.0,0.0,1.0,1.0,1.0,0.2343078420958265,1.9524734343701269,-0.6471932526322604,26.327607319261944,26.792373299863872,26.13789427820917,26.601166781604572,7.561871740395001,7.587362206045714,0.4647659806019284,synthetic_00039,rough_bergomi_lsmc_6000x60,9.909426639189354,0.04172879999896395,0.13065465412651142,2.3220644331436393,-16.88294666067452,0.22655676707508074,0.22623813833102577,0.00031862874405497177,0.0,0.0,9.86295756633986,9.990457617974892,9.926707592157376,0.12750005163503175,0.012844142980071614
93.71519188723308,84.30963783823586,0.3260813585223859,0.03113491740097441,0.04282740117872791,0.46971573423825497,1.1115596542715978,0.10576412304184508,1.0,0.0,0.0,1.0,1.0,0.33462321663871114,1.522849944061993,-0.8441432041138603,5.567805752100263,5.566989687436902,5.453405765393479,5.402627248344263,0.0,0.0,-0.00081606466336126,synthetic_00040,rough_bergomi_lsmc_6000x60,0.0,0.02880869999717106,0.0,0.0,-5.566989687436902,0.07076638358526993,0.03310202198281818,0.03766436160245175,0.0,0.0,0.0,0.013244700846817815,0.006622350423408908,0.013244700846817815,2.0
133.26781960578376,116.64047380550431,0.5676222167939171,0.0742909326860888,0.018613078659577408,0.500435796053316,1.1425521112680426,0.13326445435921108,0.0,1.0,0.0,1.0,1.0,0.11018160462298963,2.0044368896692712,-0.4875641626171375,9.887413897193909,10.109870202618906,9.683764953840726,9.882908298234112,5.635407078732655,5.632327191479249,0.22245630542499661,synthetic_00041,rough_bergomi_lsmc_6000x60,7.151648055569514,0.038185500001418404,0.10634395417399935,1.5193208640902647,-2.9582221470493915,0.4148439533918478,0.41506396873659734,-0.00022001534474952456,0.0,0.0,7.0985493500514245,7.19094093706701,7.144745143559217,0.09239158701558559,0.01293140415216545
120.0265102002249,89.20855963579524,0.664303524432693,0.06469058248020612,0.007680644953031741,0.12448185491163963,1.3454595690172297,0.2967356416937506,0.0,1.0,0.0,1.0,1.0,0.06894960800219274,2.8384534239162367,-0.7838729485361624,0.0013130286568621627,0.0013255613449110997,0.002126341118111566,0.002835121490815417,0.0,0.0,1.2532688048937047e-05,synthetic_00042,rough_bergomi_lsmc_6000x60,0.0,0.028096899997763103,0.0,0.0,-0.0013255613449110997,0.140479974788622,0.07312483426016414,0.06735514052845787,0.0,0.0,0.0,0.011581555515169296,0.005790777757584648,0.011581555515169296,2.0
81.2366641382041,81.49650224704719,0.6864282577063707,0.017741188769727738,0.030042020397254045,0.2172675752206493,0.9968116655110496,-0.003193428056904184,0.0,1.0,0.0,1.0,1.0,0.1052821486554123,1.6691006415664913,-0.7629059608581819,6.21815849512091,6.217935307603023,6.141944117247541,6.167832336529957,5.65778621435078,5.659471741852312,-0.00022318751788752422,synthetic_00043,rough_bergomi_lsmc_6000x60,6.327219364025463,0.04210890000103973,0.07066468152338819,0.6677476221731506,0.10928405642243977,0.22097957135620136,0.22141541076663582,-0.0004358394104344576,0.0,0.0,6.27252778056106,6.358992327614103,6.315760054087582,0.0864645470530423,0.013690283720813956
133.22598013952012,102.19409877565934,1.2496571405498522,0.07979242604863011,0.005983627793244717,0.41094888668762286,1.3036562945966501,0.26517285099843235,0.0,1.0,0.0,1.0,1.0,0.41752927741227314,0.9918554518765783,-0.3309454682728109,6.250557794669529,6.644262241693737,6.115692934655235,6.422881417266445,0.0690196443086676,0.1608973988369268,0.39370444702420837,synthetic_00044,rough_bergomi_lsmc_6000x60,0.20417910328275757,0.03341290000025765,0.01106116785953882,0.043281704445830765,-6.44008313841098,0.16519416236385173,0.16506780845677013,0.0001263539070816,0.0,0.0,0.19588021616526263,0.21438250157045924,0.20513135886786094,0.018502285405196606,0.09019725461437218
130.4764357496802,94.83689135449755,0.9784592449805865,0.07154400170154217,0.018245968053912626,0.5290626523124116,1.3757983194742547,0.31903415861917367,0.0,1.0,0.0,1.0,1.0,0.05370391272844937,1.4430149572075097,-0.54636534758679,7.6855197354601685,7.900125471527211,7.502218209519577,7.515807271650078,3.1762865760724828,3.1730296773984845,0.21460573606704259,synthetic_00045,rough_bergomi_lsmc_6000x60,4.531065980037435,0.03455689999827882,0.09448171754091073,1.3580363026389506,-3.369059491489776,0.4228204212814646,0.423414568379259,-0.0005941470977944285,0.0,0.0,4.478793472454271,4.550378993911179,4.514586233182725,0.07158552145690855,0.01585649664430968
88.74783790301746,113.19158972529652,0.3361947098732895,0.02987359065048273,0.047921459045048624,0.10225006246982957,0.7840497524453773,-0.24328280089345727,1.0,0.0,0.0,1.0,1.0,0.12532878992454072,1.4852674564827966,-0.07033279486050448,24.730991013494616,24.730989649783425,24.733555275716164,24.780131881012405,24.79821352563692,24.86532895534154,-1.3637111919706513e-06,synthetic_00046,rough_bergomi_lsmc_6000x60,24.82271057825421,0.04573959999834187,0.06254783168172386,-0.04261837708732941,0.09172092847078517,0.07731086607491054,0.2107014421883557,-0.13339057611344518,1.0,0.0,24.416408254549726,25.034309508185896,24.72535888136781,0.6179012536361697,0.02499058786571543
78.8328103930244,112.33005888257208,0.9038247423042503,0.06858276057626568,0.04977322362918186,0.35731467105817494,0.7017962171232802,-0.3541122060965093,0.0,1.0,0.0,1.0,1.0,0.06251340516065783,0.8277717325655496,-0.6127591548527369,32.751625076191054,34.40015096414178,32.7643088630431,34.600092715457755,32.5689263375609,34.37968404223225,1.6485258879507256,synthetic_00047,rough_bergomi_lsmc_6000x60,34.439237449094534,0.04695999999967171,0.10219502076861467,0.059553406862285385,0.039086484952754574,0.43045845705755365,0.4334398968441987,-0.002981439786645057,0.0,0.0,34.12641683319505,34.61103560993142,34.368726221563236,0.4846187767363688,0.01410057427244175
118.24955039749754,92.68555571290861,1.1665676602558652,0.017449367230996802,0.038605244567729284,0.43864369968219863,1.2758142246432964,0.2435845823507199,0.0,1.0,0.0,1.0,1.0,0.09425178702488131,0.9071787513863873,-0.246437884454489,9.929653671354309,9.920009399623211,9.73015451979398,9.6382982065373,7.358058743680236,7.392751361559702,-0.009644271731097831,synthetic_00048,rough_bergomi_lsmc_6000x60,7.6681173062617285,0.03750869999930728,0.13566239219766715,0.2753659447020267,-2.2518920933614828,0.3780971297256311,0.3785784279717813,-0.0004812982461502302,0.0,0.0,7.574512327652713,7.726066078787432,7.650289203220073,0.1515537511347187,0.019810198949201607
63.975248360930976,118.11597580278979,0.427925830081503,0.0799373311331967,0.01554807549603831,0.11480364456430661,0.5416307821707886,-0.613170723381007,1.0,0.0,0.0,1.0,1.0,0.29805971465131853,2.2114051834841932,-0.48501051286058317,50.5928709635446,54.140727441858814,50.595879418439694,54.0504526303533,50.59287096354457,54.05137179700985,3.547856478314216,synthetic_00049,rough_bergomi_lsmc_6000x60,54.0851566730636,0.04238199999963399,0.003476630566306924,0.033784876053751134,-0.05557076879521361,0.8262391764396084,0.8514718464857166,-0.025232670046108185,0.0,0.0,53.110789548408,54.44832690964541,53.779558229026705,1.337537361237409,0.024870739092748693
69.99082024751084,91.63671352560475,1.7085524691299794,0.05659793152745759,0.034383252458304626,0.300677778776694,0.7637857967042249,-0.26946789993284737,0.0,0.0,1.0,1.0,1.0,0.1466555634956343,1.3486943855222568,-0.3060438289836491,22.141364210155132,23.879221640938365,22.12818200607077,23.9596458957863,23.081769390039252,23.67083233743324,1.737857430783233,synthetic_00050,rough_bergomi_lsmc_6000x60,23.647981132581275,0.044297500000539,0.11985922901474573,-0.022851204851964013,-0.23124050835708942,0.34479245691425564,0.34702074528915644,-0.0022282883749008,0.0,0.0,23.350276857549318,23.79845571418793,23.574366285868624,0.4481788566386129,0.01901127908185886
50.73622697510055,100.60228516926858,0.34093326631393245,0.05550875108911579,0.035270318274200636,0.5478174406918485,0.5043247962979589,-0.6845347813720627,1.0,0.0,0.0,1.0,1.0,0.27768482017227075,2.887245979639519,-0.36027417895560865,48.723404274495,49.86605819416803,48.8007059600127,49.96995595229176,49.336232153910416,50.25337520801259,1.1426539196730303,synthetic_00051,rough_bergomi_lsmc_6000x60,50.29625415288705,0.043707099997845944,0.0618198772130978,0.042878944874459535,0.4301959587190183,0.9138038220289015,0.9042146155863254,0.009589206442576104,0.0,0.0,49.610727270081945,51.11607397338265,50.363400621732296,1.5053467033007024,0.029889695388264362
128.69243775021386,90.2386036227041,1.8684732707816087,0.016330850888889293,0.01939208475818249,0.4358064044279294,1.426135075053785,0.35496804054528025,0.0,0.0,1.0,1.0,1.0,0.28607815310645046,1.1089918633965186,-0.47449442451690166,10.458185052113816,10.502352817775773,10.235253887864294,10.124145562885436,0.26274345991733083,0.27303816230651784,0.04416776566195679,synthetic_00052,rough_bergomi_lsmc_6000x60,0.4991665870392253,0.03233910000199103,0.020682171107801278,0.22612842473270744,-10.003186230736548,0.1578583652046407,0.15792572855199524,-6.736334735454874e-05,0.0,0.0,0.4903937194516524,0.5058838192082467,0.4981387693299495,0.015490099756594267,0.031095952996049926
116.48508565920321,117.44174280195853,0.42344799776478215,0.07279233792276377,0.03204443172930797,0.21882918168029866,0.991854198346081,-0.00817915997322027,1.0,0.0,0.0,1.0,1.0,0.38977413323591165,0.7473112627620557,-0.044945014838006614,5.987278104962684,6.2182844841618,5.892519539922045,6.16465950317327,5.711635553891521,5.9341607780076435,0.23100637919911637,synthetic_00053,rough_bergomi_lsmc_6000x60,5.996610856982826,0.04183440000269911,0.07783486963415115,0.062450078975182066,-0.22167362717897454,0.2203589770909991,0.21914488281864983,0.001214094272349281,0.0,0.0,5.98918976381403,6.075813756322022,6.032501760068026,0.08662399250799169,0.014359546992824228
120.51653786263351,86.58431270328073,1.7262561652960673,0.01202996522431286,0.0005363822487838122,0.5263905648159564,1.3918980713704627,0.3306683346409919,0.0,0.0,1.0,1.0,1.0,0.05189655716474957,2.3837614075006446,-0.5915577215205398,13.266516693862734,13.352332204539211,13.02087330863923,12.979368837548277,7.486417349895801,7.510596439165444,0.0858155106764773,synthetic_00054,rough_bergomi_lsmc_6000x60,12.782785390866396,0.03550119999999879,0.16435764685158707,5.272188951700952,-0.5695468136728152,0.5148235202045117,0.5153496865024542,-0.0005261662979424431,0.0,0.0,12.637524696925633,12.882016625509172,12.759770661217402,0.24449192858353896,0.01916115383849792
128.0729031021968,81.79642477569315,1.8296430018733298,0.026857964062880296,0.010452882930112074,0.27401571170475714,1.565751846164495,0.4483661215154539,0.0,0.0,1.0,1.0,1.0,0.39134778373694673,2.7025901297946753,-0.7404880488756547,1.6825458656175734,1.7113702370121042,1.6253866990233445,1.714951248433686,0.21464967526448725,0.21537956158724136,0.028824371394530868,synthetic_00055,rough_bergomi_lsmc_6000x60,0.1263787444740369,0.03091130000029807,0.03509774487248754,-0.08900081711320446,-1.5849914925380673,0.16483876992131546,0.1650831776979237,-0.0002444077766082242,0.0,0.0,0.11316037591767016,0.13699271706967442,0.12507654649367228,0.023832341152004263,0.19054204661151208
95.891577553834,97.40388240012152,1.9642486910265373,0.020011531261664453,0.02625441514836306,0.5266723355720297,0.9844738750753775,-0.01564791749133385,0.0,0.0,1.0,1.0,1.0,0.29764763457078963,1.1952833921787196,-0.28971534520815456,27.899868233882387,28.093969180060466,27.77886367428877,28.02645864944537,18.303295123773,20.008728134133456,0.19410094617807871,synthetic_00056,rough_bergomi_lsmc_6000x60,20.134979809675592,0.041889400003128685,0.1656844075774919,0.1262516755421359,-7.958989370384874,0.3688706016008433,0.36847883607486615,0.0003917655259771391,0.0,0.0,20.065272893214146,20.243760178158478,20.154516535686312,0.17848728494433175,0.008855944752050773
106.87411959528937,119.69502256223348,1.6535452904787888,0.0643737558484553,0.008187565212914794,0.24947182555945277,0.8928869163270504,-0.11329533957668175,0.0,0.0,1.0,1.0,1.0,0.11509739444198304,1.005220254113695,-0.13859319482288213,14.68756466108779,17.129940322290153,14.538881635052801,17.048428293230508,14.346238403964074,16.889610182895513,2.4423756612023624,synthetic_00057,rough_bergomi_lsmc_6000x60,16.754602927416595,0.046234800000092946,0.1217342318886363,-0.1350072554789179,-0.3753373948735579,0.2895077479667457,0.28793651340477355,0.001571234561972168,0.0,0.0,16.69149173550736,16.986241922910107,16.838866829208733,0.29475018740274805,0.017504158111843592
63.979699812765745,115.66709065019656,1.6140856963498256,0.02387429590490285,0.008295343393826681,0.39516012544157453,0.5531365875385837,-0.5921503142170766,0.0,0.0,1.0,1.0,1.0,0.35917495525411364,0.964415337177718,-0.8637716340540686,50.83345813827125,52.57829316155942,50.90497447723453,52.741498624035096,48.16586885199014,52.03261645623628,1.744835023288175,synthetic_00058,rough_bergomi_lsmc_6000x60,52.07026097171329,0.04281739999714773,0.041004556298281813,0.037644515477005314,-0.5080321898461335,0.43548758116335945,0.4480809640170898,-0.01259338285373035,0.0,0.0,51.139474089759744,52.383520516939384,51.761497303349564,1.24404642717964,0.024034204804564956
61.45300735359734,109.94432077827797,1.3743457329922084,0.07374467589916198,0.0418152145275119,0.298470033873917,0.5589466278801988,-0.5817012882382921,0.0,0.0,1.0,1.0,1.0,0.3921966167162343,1.8050307534162808,-0.4953305804195875,42.03369598648844,48.49131342468063,42.113201434093526,48.305361252526616,41.4673140648298,48.30172944561395,6.457617438192187,synthetic_00059,rough_bergomi_lsmc_6000x60,48.37380176430729,0.04389460000311374,0.015267320866157817,0.07207231869333697,-0.1175116603733386,0.6159008111642916,0.6182574342176764,-0.0023566230533847987,0.0,0.0,47.72142891439164,48.90726423956508,48.31434657697836,1.1858353251734428,0.024544165639994182
116.84029617904716,115.63169963514099,1.6132436205117258,0.055938832752924314,0.049456650134180276,0.23741252537753352,1.010452121241145,0.010397875483341066,0.0,0.0,1.0,1.0,1.0,0.15170539350166293,1.6710416031169273,-0.09676107928140631,11.712591308108784,12.080996288633314,11.552228640914857,11.925329338850855,9.301304950535327,9.835364388228536,0.3684049805245291,synthetic_00060,rough_bergomi_lsmc_6000x60,9.322437269745194,0.04469059999973979,0.0943033018759905,-0.5129271184833417,-2.7585590188881195,0.19368453919957812,0.1926827572510057,0.0010017819485724222,0.0,0.0,9.3261744157577,9.425886516085276,9.376030465921488,0.09971210032757583,0.010634788430988315
97.10962061431326,115.73786558791453,0.4854663647230074,0.012531389734628735,0.02779847140142242,0.5432787810859346,0.8390479651670157,-0.17548740470087018,1.0,0.0,0.0,1.0,1.0,0.41751747236107234,1.1485995996363356,-0.2253432429694192,27.223939976039198,27.235463376270467,27.200309165704038,27.48278986704422,25.468892573754484,25.75356454323011,0.011523400231268965,synthetic_00061,rough_bergomi_lsmc_6000x60,25.701483256644913,0.0436589000019012,0.2081437278821525,-0.05208128658519584,-1.5339801196255536,0.4824851115511548,0.4828264750739109,-0.0003413635227560996,0.0,0.0,25.431529814305676,25.954493948174985,25.69301188124033,0.5229641338693085,0.020354333555232154
106.52361064811888,100.75433441545796,1.1881190629083653,0.010380088389009032,0.04195348654408568,0.19379684096974567,1.0572608242229207,0.05568143541019735,0.0,1.0,0.0,1.0,1.0,0.23178297211946314,0.6129327924735659,-0.0073730551521346,7.56672765419075,7.562730413770593,7.449929824919564,7.3990671238342545,7.375084480091589,7.407545376340688,-0.0039972404201567,synthetic_00062,rough_bergomi_lsmc_6000x60,7.418939908140458,0.04041200000210665,0.10987812357207134,0.01139453179976968,-0.14379050563013518,0.19024004030970246,0.1903812914091663,-0.00014125109946383496,0.0,0.0,7.347856609088318,7.477799216204662,7.41282791264649,0.12994260711634453,0.01752942448517641
126.49988574160255,92.63716207323172,1.1498900228332252,0.013616054191007925,0.04951608321631363,0.14240579561788155,1.3655414620927355,0.3115510255077999,0.0,1.0,0.0,1.0,1.0,0.2913697817333286,1.7037283508157017,-0.42172756956248064,0.2448699023979124,0.24224556283827214,0.24640647846118094,0.25648305347191624,0.0,0.0,-0.002624339559640254,synthetic_00063,rough_bergomi_lsmc_6000x60,0.0,0.02752870000040275,0.0,0.0,-0.24224556283827214,0.08606621707243452,0.04513099319336678,0.040935223879067735,0.0,0.0,0.0,0.009451489618480791,0.004725744809240396,0.009451489618480791,2.0
113.47183200005908,110.88049728443951,1.7507512522144757,0.05241476243534095,0.007079794428438735,0.2709634692728302,1.023370518522947,0.02310160958965235,0.0,0.0,1.0,1.0,1.0,0.44385981344705744,2.898330869089021,-0.30600385307896383,10.318563740955888,11.251965162707506,10.134350606935904,11.167293947854496,0.31005904327211303,2.179798094270645,0.9334014217516184,synthetic_00064,rough_bergomi_lsmc_6000x60,2.175803661750862,0.0375793999992311,0.053731754391287405,-0.003994432519783153,-9.076161500956644,0.1094230620141764,0.10954160516178202,-0.0001185431476056209,0.0,0.0,2.152743526117786,2.188515052343372,2.170629289230579,0.035771526225586214,0.016479795238672983
105.35794006579958,106.46645052671045,1.0598988897886528,0.06610372676015908,0.022412280662717554,0.45881957382078375,0.9895881711522565,-0.010466411135912384,0.0,1.0,0.0,1.0,1.0,0.19461443145567975,2.131298001881658,-0.6277677469758647,17.113320816159302,17.793409182261293,16.924074396623837,17.707592017093873,9.59905253070391,9.660850314263454,0.680088366101991,synthetic_00065,rough_bergomi_lsmc_6000x60,11.680430760585038,0.040631899999425514,0.13005287758994005,2.0195804463215836,-6.112978421676255,0.323703329236001,0.32466613229940267,-0.0009628030634016849,0.0,0.0,11.556311649614914,11.726184166115237,11.641247907865075,0.1698725165003232,0.014592294386717226
105.92071607454136,94.94630915494841,0.9239066181756186,0.026698697443917195,0.019628635792095995,0.5037158029881409,1.1155853978661054,0.10937928764475424,0.0,1.0,0.0,1.0,1.0,0.37526373832804516,1.738766391571546,-0.047217960300606876,13.641409925200847,13.728241553954675,13.433992884643603,13.569108709226377,8.120058036427533,9.888652080737971,0.08683162875382777,synthetic_00066,rough_bergomi_lsmc_6000x60,8.893755876111888,0.0411378999997396,0.1033921449569992,-0.9948962046260839,-4.834485677842787,0.369877053817291,0.36961947496405423,0.0002575788532367951,0.0,0.0,8.813233254078526,8.992377093648958,8.902805173863742,0.17914383957043256,0.020122179029184086
80.39500980626121,83.77866672246061,1.3692357246649427,0.06945861900461511,0.004002464182309251,0.5993716850333825,0.9596119507677453,-0.04122629418861812,0.0,0.0,1.0,1.0,1.0,0.17735964713138386,0.7767301850740402,-0.5702980602991173,19.563519194982643,20.65861215258661,19.425317236886833,20.59063726085399,11.803632009819193,12.097328285071889,1.095092957603967,synthetic_00067,rough_bergomi_lsmc_6000x60,12.468803996785496,0.041662300001917174,0.13032161190516578,0.3714757117136074,-8.189808155801114,0.3961099596630477,0.3953664479876759,0.0007435116753717885,0.0,0.0,12.413308902819985,12.576754869902885,12.495031886361435,0.16344596708290027,0.013080876349047548
53.08178345679394,109.87158445396105,0.7163108056264806,0.014006235810728226,0.037766508639737226,0.24818102850558246,0.4831256754928891,-0.7274784614672721,0.0,1.0,0.0,1.0,1.0,0.3696854088965964,1.1310907263739682,-0.23534035858203428,57.11050619826225,57.11431493739227,57.12950914088713,57.353750554424344,57.20803314555927,57.38044607568765,0.0038087391300223317,synthetic_00068,rough_bergomi_lsmc_6000x60,57.28883322013224,0.040597500003059395,0.11623742313192154,-0.09161285555541099,0.1745182827399674,0.38677796604667425,0.42221928780265205,-0.035441321755977806,0.0,0.0,56.44111492091731,57.96996089043443,57.20553790567587,1.5288459695171213,0.026725488920984884
93.67173892323623,90.49842063691459,0.49459471916942455,0.06606746975491734,0.021688951366129652,0.3039709755656411,1.0350649023926417,0.0344641323770322,1.0,0.0,0.0,1.0,1.0,0.29029356754505703,1.2369348739363568,-0.5371738162928263,5.394961055931724,5.549126227394575,5.292654271394694,5.4465986393145345,2.001270816013202,2.009007506725352,0.1541651714628518,synthetic_00069,rough_bergomi_lsmc_6000x60,2.2083034277878983,0.037820300000021234,0.040474138710983404,0.19929592106254646,-3.340822799606677,0.16894724656710888,0.16932204303673776,-0.00037479646962887414,0.0,0.0,2.1709069484706442,2.2287975021803335,2.199852225325489,0.05789055370968921,0.026315655680519065
71.45846728195292,117.47252602135117,1.0862852295415553,0.07494568011205963,0.023466346709520067,0.16841063901481315,0.6082994015891428,-0.4970880813989454,0.0,1.0,0.0,1.0,1.0,0.13654227809016056,2.412008881518086,-0.39436296294330064,38.65704125394343,46.01405873939825,38.68379398112258,45.821051115717275,39.846420252226366,45.82579597707845,7.3570174854548185,synthetic_00070,rough_bergomi_lsmc_6000x60,45.91919818494214,0.044851099999505095,0.012698813938343342,0.09340220786369002,-0.09486055445611186,0.5912780435884812,0.5929819321968983,-0.0017038886084170812,0.0,0.0,45.50269018537416,46.24482082866162,45.87375550701789,0.742130643287453,0.016177673597574105
90.85286437246361,89.63882300022739,0.9795563950410487,0.06404758793730664,0.00753364869066201,0.38743596481151676,1.0135437005038892,0.013452804385762036,0.0,1.0,0.0,1.0,1.0,0.2156104375156946,2.6917769931615485,-0.2521957184806084,10.467845922712392,10.997250543020147,10.308451677493595,10.92977691521251,3.664717745374292,4.860391873633482,0.5294046203077549,synthetic_00071,rough_bergomi_lsmc_6000x60,4.979445992112933,0.04516620000140392,0.053981008517371615,0.11905411847945135,-6.017804550907214,0.22188500960478913,0.22143621023808777,0.00044879936670136344,0.0,0.0,4.957363555604085,5.030751267533392,4.994057411568739,0.07338771192930693,0.014695007662367723
135.34030732681663,84.91031729645944,0.656997395925529,0.05886845487850461,0.009046332611543407,0.5987900186314586,1.59392064045979,0.4661967927169638,0.0,1.0,0.0,1.0,1.0,0.17705425374542466,2.754104633916096,-0.44195926342378117,3.943167533954094,4.000510205960089,3.848153471827458,3.8823903130227886,0.022529651281267223,0.02252965128126719,0.05734267200599508,synthetic_00072,rough_bergomi_lsmc_6000x60,0.035437105036321366,0.028432499999325955,0.019004360559896863,0.012907453755054175,-3.965073100923768,0.2446677656110624,0.24169874589722035,0.002969019713842058,0.0,0.0,0.03028625216379694,0.04872653474233645,0.039506393453066696,0.01844028257853951,0.46676704621105014
73.39394858653407,113.24450688499624,0.893145667701474,0.06865861530587682,0.045355181107810755,0.4504405050603293,0.6481016219273946,-0.43370777096342567,0.0,1.0,0.0,1.0,1.0,0.08124335723214555,2.9614215206268852,-0.08362230578144236,39.23550033601354,41.0953354884079,39.268073464981214,41.232175095014746,39.51306212855366,41.784217096626364,1.8598351523943606,synthetic_00073,rough_bergomi_lsmc_6000x60,41.29841858156542,0.04679580000083661,0.1140859435810121,-0.4857985150609423,0.20308309315752382,0.5416752487100795,0.5460756416444547,-0.004400392934375108,0.0,0.0,40.73442620361182,41.66096834493413,41.197697274272976,0.9265421413223152,0.022490143930955084
55.8302741689066,86.13137266497976,0.8911867871959329,0.01281059096829465,0.002232454448713944,0.3976064202066859,0.6481990526967032,-0.43355744971250093,0.0,1.0,0.0,1.0,1.0,0.061933908039879,2.955916707761331,-0.5226291108649708,31.086573249570804,31.392834088002964,31.112837536848055,31.5553741021695,34.45748997600339,35.58053606505218,0.30626083843215923,synthetic_00074,rough_bergomi_lsmc_6000x60,36.96073333437883,0.0436522000018158,0.12896275604879073,1.3801972693266507,5.567899246375866,0.7310808567464231,0.7282974959828963,0.00278336076352681,0.0,0.0,36.63610646656175,37.3979548886332,37.017030677597475,0.7618484220714521,0.02058102468312022
78.13838920219965,87.17073232630956,0.8231172377219546,0.02412474775033388,0.011642614247185313,0.296184546460897,0.8963833056914241,-0.1093871609554465,0.0,1.0,0.0,1.0,1.0,0.18859146216287237,2.8824978319199537,-0.31763538167100736,13.315812205250147,13.488730106332374,13.25426393909717,13.553640195511486,12.229784619232499,12.554030728007007,0.1729179010822275,synthetic_00075,rough_bergomi_lsmc_6000x60,12.452238535000179,0.042588600001181476,0.08601238157334619,-0.10179219300682796,-1.0364915713321956,0.2647733985783919,0.26426538257882787,0.0005080159995640154,0.0,0.0,12.365696931293456,12.566045364031766,12.465871147662611,0.20034843273830916,0.01607175546458902
79.35937577666836,103.97531166083374,0.9140621395221257,0.018744657551395018,0.014602966515726418,0.5576493801427774,0.7632521077266661,-0.2701668858555143,0.0,1.0,0.0,1.0,1.0,0.057613659126994635,0.679555351257211,-0.5918738100299513,33.17253123504084,33.34485434000632,33.17973504282657,33.693248971225536,30.71586975945181,30.83764256715781,0.17232310496547854,synthetic_00076,rough_bergomi_lsmc_6000x60,31.271534038448372,0.044275000000197906,0.26033904503212485,0.43389147129056127,-2.073320301557949,0.4903365099005996,0.49141101277268273,-0.0010745028720831051,0.0,0.0,30.96289066666527,31.519452818956015,31.241171742810643,0.5565621522907449,0.01781502169229051
116.1916514726895,114.98248163349858,1.4500508545479045,0.04531716931350906,0.02450987712007932,0.3484582980651747,1.0105161222997874,0.010461212508916101,0.0,0.0,1.0,1.0,1.0,0.11619510303271002,0.8444838398195129,-0.5326589985920882,16.115200070834383,16.616651640328012,15.914617956724465,16.505271263473183,11.916175601201463,11.920855966221108,0.5014515694936286,synthetic_00077,rough_bergomi_lsmc_6000x60,12.632323031132236,0.04434019999825978,0.17118809650934372,0.7114670649111279,-3.984328609195776,0.2809840649987635,0.2808857889347616,9.827606400186761e-05,0.0,0.0,12.561602269778161,12.713198104056465,12.637400186917313,0.1515958342783037,0.011995808634377275
105.70321523412784,87.85738662858293,0.7695338304997492,0.06216316898301912,0.0293222586507398,0.16718345665653075,1.2031226888296616,0.1849204175194181,0.0,1.0,0.0,1.0,1.0,0.34007332834034754,1.2611663161900823,-0.5039549025898029,0.4639374972983914,0.4773286546852666,0.44649996722854485,0.4736951182668216,0.0,0.0,0.013391157386875185,synthetic_00078,rough_bergomi_lsmc_6000x60,0.0,0.0293216999998549,0.0,0.0,-0.4773286546852666,0.08251368497311044,0.04337436179941849,0.03913932317369195,0.0,0.0,0.0,0.007194696784652631,0.0035973483923263153,0.007194696784652631,2.0
128.38982091064133,92.41294691600379,1.9105013717518458,0.054100829120347915,0.02466449879253333,0.2826892315995667,1.3893055593967556,0.3288040247458686,0.0,0.0,1.0,1.0,1.0,0.33323649427343516,1.8822456351611536,-0.7867736835189433,3.3407906387769746,3.487081056020582,3.259949019787745,3.3599837421945047,0.06128780047342873,0.06128780047342874,0.14629041724360725,synthetic_00079,rough_bergomi_lsmc_6000x60,0.044442239510346725,0.030273399999714456,0.02054244835634697,-0.016845560963082012,-3.442638816510235,0.1169259811575442,0.11621911954762838,0.0007068616099158154,0.0,0.0,0.034678572884931785,0.05872319214902007,0.046700882516975926,0.024044619264088282,0.5148643444874512
116.43135403273875,111.09619352964711,1.8536090341918112,0.06957917698333546,0.0042057667278441015,0.13358333442388345,1.0480228919964563,0.04690542916835343,0.0,0.0,1.0,1.0,1.0,0.34543215458295307,0.7424447217636982,-0.817448688846894,1.8508140229227301,2.5929518027259886,1.8042182145868233,2.558717977208922,0.0,0.0,0.7421377798032585,synthetic_00080,rough_bergomi_lsmc_6000x60,0.0,0.027758299998822622,0.0,0.0,-2.5929518027259886,0.04307413154543984,0.02240939839696716,0.02066473314847268,0.0,0.0,0.0,0.007576469824152207,0.0037882349120761036,0.007576469824152207,2.0
90.63868614400705,118.87305704243869,1.0915932495251375,0.020864909470876363,0.012183372702785678,0.20098951884439079,0.7624830083376107,-0.2711750548962614,0.0,1.0,0.0,1.0,1.0,0.17686126845199152,2.614492394505356,-0.2992590691679179,27.842379726132364,28.581047801517656,27.84624772885578,28.741101026138136,29.33130034618191,29.703090134406384,0.7386680753852914,synthetic_00081,rough_bergomi_lsmc_6000x60,29.715401159597707,0.04417169999942416,0.11118789635166944,0.01231102519132321,1.1343533580800518,0.27814875140341855,0.27840098087856807,-0.00025222947514952354,0.0,0.0,29.49661997714488,29.920037136868814,29.708328557006848,0.42341715972393246,0.014252473305976938
131.40203846660347,100.0296474480937,0.8246321087582054,0.06142347643546132,0.04217941923812706,0.10883439049995611,1.3136309266189226,0.2727950028454948,0.0,1.0,0.0,1.0,1.0,0.4060077828470782,2.0418904476932727,-0.31003403549125297,0.005468201104990716,0.005445607092264258,0.005540962225985369,0.009584733560436076,0.0,0.0,-2.259401272645869e-05,synthetic_00082,rough_bergomi_lsmc_6000x60,0.0,0.02809549999801675,0.0,0.0,-0.005445607092264258,0.11417657644378006,0.05672603598695267,0.05745054045682738,0.0,0.0,0.0,0.018264686997461466,0.009132343498730733,0.018264686997461466,2.0
66.6972919907704,85.75590010205003,1.1870108822025056,0.02351290436082329,0.03187943502392295,0.32663995825008174,0.7777574710474756,-0.25134053727498856,0.0,1.0,0.0,1.0,1.0,0.28753221921137906,1.8559110057555124,-0.30338125721091425,22.6537975685332,22.764626134398398,22.6458586509597,22.969903812223396,22.257387537249663,22.709795745348295,0.11082856586519796,synthetic_00083,rough_bergomi_lsmc_6000x60,22.339441772633723,0.041594599999370985,0.12437453077296325,-0.3703539727145717,-0.4251843617646749,0.3130610011236374,0.31335155677519755,-0.00029055565156016483,0.0,0.0,22.136069363023534,22.529225253859007,22.33264730844127,0.3931558908354731,0.017604535879938803
52.27120731338605,80.55745150832806,1.734980855353843,0.02895311259224602,0.03245745250671372,0.4172701324758986,0.6488686811049656,-0.4325249231137684,0.0,0.0,1.0,1.0,1.0,0.10041053669865062,0.9132783084182279,-0.8822101991915775,31.191232049344038,31.770279172869824,31.224179430463426,31.894057000695213,27.907266197435813,30.31819385164957,0.5790471235257861,synthetic_00084,rough_bergomi_lsmc_6000x60,30.439835350103248,0.043578300002991455,0.04793536742697974,0.12164149845367689,-1.3304438227665756,0.3838036153135093,0.3832391507979685,0.000564464515540819,0.0,0.0,30.157046796613024,30.746874707851532,30.451960752232278,0.5898279112385083,0.019369127526386656
59.00478607756418,89.18624119995421,1.3920278459801785,0.059693328809691276,0.03351016276756775,0.27164623118945386,0.6615906812943976,-0.4131082204770547,0.0,0.0,1.0,1.0,1.0,0.10748746458221366,1.1331386860004935,-0.6061078415953981,27.0341529142514,30.181455122390034,27.051125262704595,30.292047678215198,27.582810215543503,30.509038545808995,3.1473022081386333,synthetic_00085,rough_bergomi_lsmc_6000x60,30.503640264257943,0.045008400000369875,0.04850681782859471,-0.005398281551052264,0.3221851418679087,0.4369925518554652,0.4403467205576645,-0.0033541687021992894,0.0,0.0,30.202926052653112,30.645054324597865,30.42399018862549,0.44212827194475324,0.014532225037005507
122.23593505964503,85.27288871146084,1.6576856989073856,0.07861433494290773,0.03814515095197646,0.31019088575263853,1.4334677399431912,0.3600965016884721,0.0,0.0,1.0,1.0,1.0,0.3272381707718806,0.9007800624556451,-0.7219711374667228,2.661466543416978,2.797848131182197,2.5896127011145653,2.7181071516692143,0.0,0.0,0.13638158776521925,synthetic_00086,rough_bergomi_lsmc_6000x60,0.0,0.027875399999174988,0.0,0.0,-2.797848131182197,0.11185275089806516,0.0588284961587349,0.053024254739330264,0.0,0.0,0.0,0.011459181332741788,0.005729590666370894,0.011459181332741788,2.0
96.18772302513874,107.1063469445143,1.1822639831150452,0.052808052418394875,0.002905424086072367,0.579604636422288,0.8980581055104804,-0.10752050730500501,0.0,1.0,0.0,1.0,1.0,0.11917757457683123,2.6298328944869964,-0.19966371971038888,26.749532635561046,27.743226151252102,26.60903622238598,27.83219790751596,16.86084265175055,19.467244063287495,0.9936935156910565,synthetic_00087,rough_bergomi_lsmc_6000x60,19.470550495803263,0.043186499999137595,0.14421819986534937,0.0033064325157674546,-8.27267565544884,0.4030670135282567,0.40173243911524603,0.0013345744130106585,0.0,0.0,19.326859249844357,19.724583837785406,19.525721543814882,0.3977245879410489,0.020369264564619138
66.12717790336018,84.87330018514125,1.3576058512183362,0.013815022049390693,0.01833041924663062,0.4759815607874578,0.7791281564297773,-0.24957973261181507,0.0,0.0,1.0,1.0,1.0,0.2529170806328173,1.9605696501530454,-0.12543263874348287,27.1726765281407,27.28077394197256,27.182704286859927,27.54145009805108,24.06835218330146,26.400870001216408,0.10809741383186022,synthetic_00088,rough_bergomi_lsmc_6000x60,26.239820044954968,0.04534050000074785,0.13116323145888306,-0.16104995626144003,-1.040953897017591,0.4466945002487195,0.44417681916427443,0.002517681084445056,0.0,0.0,26.069485339865754,26.557078383227864,26.31328186154681,0.48759304336211073,0.018530301386489534
100.10447751033635,100.25319726482532,0.754272324819308,0.0531416278949273,0.026976371763083935,0.3704283184724756,0.9985165584884429,-0.0014845429002814698,0.0,1.0,0.0,1.0,1.0,0.4467097903714843,2.3378235687990836,-0.6779876604964674,11.554495179882892,11.790725324640878,11.404167204096336,11.724354725528567,0.2553338385176238,0.66999415363489,0.23623014475798598,synthetic_00089,rough_bergomi_lsmc_6000x60,0.7117870167741057,0.0436504999997851,0.025408369749250467,0.04179286313921571,-11.078938307866773,0.042334413940485115,0.04236862568621651,-3.421174573139257e-05,0.0,0.0,0.7049929258126965,0.7165440922599179,0.7107685090363072,0.011551166447221428,0.01625165760773931
65.23121027131684,107.77049742571546,1.5360630340430088,0.012964538610611698,0.0169228241648663,0.24227043755591263,0.6052789198294246,-0.5020659026789988,0.0,0.0,1.0,1.0,1.0,0.0516030418933358,1.2400821572750642,-0.2989357570368123,42.54273024134479,42.856052673972776,42.62631752968865,43.19896107872149,44.225461717684425,44.48166387665154,0.3133224326279844,synthetic_00090,rough_bergomi_lsmc_6000x60,44.27389525429773,0.048202199999650475,0.18731181641647593,-0.20776862235381088,1.417842580324951,0.3535140807379928,0.35520957294425315,-0.0016954922062603628,0.0,0.0,43.745896210443924,44.7332210071793,44.23955860881161,0.9873247967353791,0.022317690948632663
119.6320375077736,103.2446643688361,0.6042080379700071,0.0718901997956772,0.04222394366435933,0.5484983993864976,1.158723680677526,0.14731912409306827,0.0,1.0,0.0,1.0,1.0,0.05663192075902277,1.428131592720693,-0.7835734768875531,10.63099525783959,10.78981637594645,10.42642915940922,10.572419406403164,6.453886010794622,6.456333445584722,0.15882111810685906,synthetic_00091,rough_bergomi_lsmc_6000x60,8.51705399129089,0.03771199999755481,0.13266560169456584,2.060720545706168,-2.272762384655559,0.4772107029317732,0.47790116340459887,-0.0006904604728256714,0.0,0.0,8.440137994854386,8.553039456239873,8.496588725547129,0.11290146138548707,0.013287857637032666
94.61562755740307,87.9910260664023,1.4658967254323718,0.05967047995704346,0.024128625429364697,0.21754855844032975,1.0752872399283255,0.07258782582140773,0.0,0.0,1.0,1.0,1.0,0.44723383277220263,1.5121374110663344,-0.652362726958458,4.638632770500138,4.976114724039116,4.5346497452180445,4.877047348883465,0.0,0.0,0.3374819535389779,synthetic_00092,rough_bergomi_lsmc_6000x60,0.010519592022406921,0.029567999998107553,0.0069877939486787,0.010519592022406921,-4.965595132016709,0.042290357096508684,0.04218580086388911,0.00010455623261957508,0.0,0.0,0.0015352823559771928,0.019947325524715932,0.010741303940346562,0.01841204316873874,1.7141348267391723
88.10212260964825,112.16498104729051,1.7562583695703147,0.022118949249575227,0.03843137947296896,0.26267136525833856,0.7854690634013749,-0.2414742066561032,0.0,0.0,1.0,1.0,1.0,0.2838555336536662,2.4000374293600872,-0.7752109533899224,29.6171723809706,29.685832788771904,29.607709733492776,29.87189690643909,26.50335583184436,27.841948712277212,0.06866040780130334,synthetic_00093,rough_bergomi_lsmc_6000x60,28.384923309022334,0.04739940000217757,0.10436069849620558,0.5429745967451218,-1.3009094797495706,0.22887665765777485,0.22719860922550691,0.0016780484322679312,0.0,0.0,28.18841716590337,28.692326088437657,28.440371627170514,0.5039089225342863,0.017718085021535965
80.15120891478765,108.61628518463206,0.4811799652777019,0.016420470407693864,0.042600775844058456,0.5545324072114742,0.7379299409710258,-0.3039063898214602,1.0,0.0,0.0,1.0,1.0,0.10076399020740526,2.43088246918642,-0.6448313100606937,33.277001511132504,33.28131124428885,33.28071240133242,33.499311984772106,36.988416985865385,37.336149909744314,0.004309733156347306,synthetic_00094,rough_bergomi_lsmc_6000x60,39.397459482863354,0.044040300002961885,0.2330781538756269,2.06130957311904,6.116148238574503,0.878773206592411,0.8623733846819412,0.016399821910469736,0.0,0.0,39.342160275234924,40.1481312027962,39.74514573901556,0.8059709275612761,0.020278474580358627
113.02825931188885,109.55936015662166,1.3251645459483596,0.02284732602162233,0.025239574145174904,0.3647710276425362,1.0316622801585202,0.031171365593678932,0.0,0.0,1.0,1.0,1.0,0.40892087990163745,1.0170338187850794,-0.29273710738564984,16.45706985847542,16.553998020297968,16.265312022255888,16.367292144116348,10.121176690836302,10.356594016879223,0.0969281618225466,synthetic_00095,rough_bergomi_lsmc_6000x60,10.451881303339269,0.04451669999980368,0.12221618970027168,0.0952872864600458,-6.102116716958699,0.24118172033008745,0.24116083283649523,2.0887493592219863e-05,0.0,0.0,10.360155798153588,10.545644549998698,10.452900174076143,0.18548875184511004,0.01774519499431688
86.18126105533904,85.24231006229253,0.41641755940238556,0.07860190256879347,0.045477612193567496,0.4711589747089884,1.0110150815054209,0.010954857340939156,1.0,0.0,0.0,1.0,1.0,0.40215212005107687,2.8538471418452476,-0.08070578083327273,9.092562379105694,9.234084342478692,8.965704297451461,9.107854420394679,5.900107167530148,6.716801934269484,0.14152196337299827,synthetic_00096,rough_bergomi_lsmc_6000x60,6.444959975552068,0.045888800003012875,0.06456205017556454,-0.2718419587174159,-2.7891243669266235,0.3467105815546185,0.3463840087019567,0.0003265728526617995,0.0,0.0,6.389434145573737,6.514357342953301,6.451895744263519,0.12492319737956414,0.019362246745948324
58.7649919316101,84.95015214601378,1.520002349474997,0.042099244972094295,0.02935619702684903,0.3953723970818831,0.6917585248182231,-0.3685183368374068,0.0,0.0,1.0,1.0,1.0,0.2644801652445501,0.801638343609216,-0.7177298328682327,27.941637191639998,29.00031586147466,27.95337232545607,29.155805485317853,24.107706632955836,26.502809143745367,1.0586786698346629,synthetic_00097,rough_bergomi_lsmc_6000x60,26.481272860613444,0.046941599997808225,0.03327141483627227,-0.021536283131922573,-2.519043000861217,0.33783577072129195,0.3337284914911038,0.0041072792301881655,0.0,0.0,26.240092262960758,26.907893942289718,26.573993102625238,0.6678016793289601,0.025129895862846
61.80059021205153,117.1025020402603,0.3978631329411604,0.06488566638389856,0.04251371494168609,0.42671960450474755,0.5277478203736777,-0.6391367222979008,1.0,0.0,0.0,1.0,1.0,0.2987168119443026,2.740305206059076,-0.41212886854435277,53.42615760425434,55.30191182820877,53.48304281555732,55.296174485944384,53.93500566060855,55.4980905414154,1.8757542239544307,synthetic_00098,rough_bergomi_lsmc_6000x60,55.56219365352235,0.04582740000114427,0.05336183791288266,0.06410311210694886,0.2602818253135766,0.7933329060767556,0.8131168961168096,-0.019783990040054045,0.0,0.0,54.694560178851745,56.05944591302037,55.37700304593606,1.3648857341686238,0.02464715782897154
146.18976645495144,95.90312775299762,1.8878946897260955,0.05454858394754439,0.017029539779576216,0.2496916457574128,1.524348265590139,0.4215669518860078,0.0,0.0,1.0,1.0,1.0,0.15927487660035056,0.7509891141245233,-0.268748008880911,1.2742208963190356,1.33688225470621,1.2258242907274648,1.351226794539514,0.010591396470721683,0.012902842232943289,0.06266135838717446,synthetic_00099,rough_bergomi_lsmc_6000x60,0.028933150220087897,0.030000999999174383,0.004362329495657133,0.01603030798714461,-1.3079491044861222,0.1375950609618884,0.13702321173974527,0.0005718492221431226,0.0,0.0,0.02223747007363107,0.03792058772072,0.030079028897175536,0.015683117647088934,0.5213970737120972
140.8580690707607,92.03794767123759,0.4904638775661538,0.05006892049710462,0.024940847926574264,0.22068603081333146,1.530434702584961,0.4255518143866646,1.0,0.0,0.0,1.0,1.0,0.07020787854880206,1.1613495278782777,-0.04236977836299083,0.011727742236447403,0.011582759152297742,0.013939464117400938,0.021116419272386756,0.0,0.0,-0.00014498308414966077,synthetic_00100,rough_bergomi_lsmc_6000x60,0.0009134809245903977,0.02849170000263257,0.0009134809245903977,0.0009134809245903977,-0.010669278227707343,0.20920179309726972,0.17999883446966838,0.029202958627601333,0.0,0.0,0.0,0.012996445403662737,0.006498222701831369,0.012996445403662737,2.0
119.97071338107496,99.54336181406134,1.9280404303408907,0.02015911782655348,0.026570552050228888,0.26124617358433266,1.2052105855654163,0.18665431147922712,0.0,0.0,1.0,1.0,1.0,0.28782704355634575,2.6161963401698927,-0.35094556540154354,7.662694655148876,7.671558975139888,7.496978597500504,7.389556814552664,0.10391387929575044,0.11039700815439943,0.008864319991012337,synthetic_00101,rough_bergomi_lsmc_6000x60,0.09601322084203417,0.03011500000138767,0.0322272438007123,-0.014383787312365254,-7.5755457542978535,0.06525780185343703,0.06499914741346374,0.00025865443997329096,0.0,0.0,0.08724525566075769,0.10944949729118036,0.09834737647596903,0.022204241630422672,0.22577360399489896
76.58699614595196,106.5145685105433,1.6515473081489191,0.07622171174906665,0.00524898579480353,0.17772078204171124,0.7190283659494995,-0.32985447009284524,0.0,0.0,1.0,1.0,1.0,0.1679020772811052,0.9487301808652187,-0.6704037620753573,19.81168580312403,29.92757236459134,19.79963164367484,29.610061168908423,19.204785450261124,29.733136561956986,10.115886561467313,synthetic_00102,rough_bergomi_lsmc_6000x60,29.84610407093035,0.0426039000012679,0.00682626930841663,0.11296750897336238,-0.0814682936609934,0.45987943700013967,0.457173135264807,0.00270630173533265,0.0,0.0,29.672519890578368,30.22992048500689,29.95122018779263,0.5574005944285219,0.018610280013089564
146.91763773477237,118.2249302818788,1.2889435078161198,0.03109398427603026,0.019927625335077033,0.5371571826454037,1.2426959134971172,0.21728314341780422,0.0,0.0,1.0,1.0,1.0,0.31544841866414075,1.5339198282749247,-0.3370696587774573,18.066430229046972,18.25057381882344,17.763229323353453,17.956799441281127,2.6938005239104594,3.3900889956627376,0.18414358977646827,synthetic_00103,rough_bergomi_lsmc_6000x60,3.703319199283447,0.036358400000608526,0.06509513686571607,0.3132302036207095,-14.547254619539993,0.23776404447391766,0.23760872379824938,0.00015532067566828567,0.0,0.0,3.667945703516274,3.7509921978337584,3.7094689506750163,0.08304649431748423,0.022387704391587417
127.87509039657947,91.4578490752822,1.619592183101707,0.050461205106527955,0.04586688362758381,0.24162346662505704,1.3981860681123273,0.33517573088670544,0.0,0.0,1.0,1.0,1.0,0.3844980707370405,1.6246482498603156,-0.6115579544897854,2.0361447869278866,2.065804987639231,1.9757997808280683,2.0251166730677244,0.0,0.0,0.02966020071134423,synthetic_00104,rough_bergomi_lsmc_6000x60,0.003021236188970315,0.02695789999779663,0.0030212361889703147,0.003021236188970315,-2.0627837514502607,0.09329120484254577,0.08701334754351782,0.006277857299027953,0.0,0.0,0.0,0.013489532613282614,0.006744766306641307,0.013489532613282614,2.0
121.68901891589957,116.99233717248109,1.6414509682204004,0.058984316121234635,0.031541612018237124,0.3807446972071923,1.0401452082839766,0.03936032675682608,0.0,0.0,1.0,1.0,1.0,0.05726421756574562,1.1131474325580242,-0.021484448377462995,17.0006601346023,17.786894832216678,16.773063821898447,17.644291692325197,15.359266409156255,16.329687074612664,0.786234697614379,synthetic_00105,rough_bergomi_lsmc_6000x60,15.719833130263268,0.0456726999982493,0.17906507901316687,-0.6098539443493962,-2.06706170195341,0.3560339943961435,0.35710766356449253,-0.0010736691683490007,0.0,0.0,15.584496644088771,15.738724915126499,15.661610779607635,0.15422827103772718,0.009847535685061318
94.93615021437887,80.99437965545025,1.905547359930328,0.055446320867171627,0.008875329121848375,0.495987212570687,1.1721325679415888,0.15882479733622304,0.0,0.0,1.0,1.0,1.0,0.28828550987429097,2.2756130033399664,-0.5402914783527268,13.405297881192652,14.091248167090436,13.200834087076881,13.984790082376062,0.4166576484500186,0.4223923759331677,0.6859502858977837,synthetic_00106,rough_bergomi_lsmc_6000x60,0.31945339372280457,0.03295309999884921,0.05192553438782449,-0.10293898221036313,-13.771794773367631,0.11385410548681767,0.11391822944964813,-6.41239628304674e-05,0.0,0.0,0.3100467500137539,0.327179448595882,0.31861309930481796,0.01713269858212807,0.05377273759148607
77.2241561845159,102.20792169307299,0.6934208692185776,0.07584160867868629,0.01694278178048025,0.4919120546878568,0.7555594019064148,-0.28029687440862605,0.0,1.0,0.0,1.0,1.0,0.1425122158747409,2.6283366235055095,-0.2831150513150872,26.676167808195437,28.018701508953153,26.662908917879633,28.19930219413411,26.340419007786302,27.406992882773412,1.3425337007577163,synthetic_00107,rough_bergomi_lsmc_6000x60,27.62624289964138,0.04257129999678,0.13085300936483124,0.2192500168679672,-0.3924586093117739,0.5213527014793204,0.5317416790205136,-0.010388977541193167,0.0,0.0,27.113687715111215,27.639393399625344,27.37654055736828,0.5257056845141292,0.019202779964564872
59.63909621534993,105.35900446724341,1.2826328168770411,0.02039072929440406,0.009580150483134993,0.3191931292920964,0.566055996038687,-0.5690622727419514,0.0,0.0,1.0,1.0,1.0,0.39955539916152055,2.6864378496389296,-0.8790951758879174,44.478294943443615,45.782870826582645,44.56502106245097,46.021041110412376,43.72843994248481,46.02061409301221,1.3045758831390302,synthetic_00108,rough_bergomi_lsmc_6000x60,46.085007845016186,0.047505300000921125,0.024844813270709195,0.06439375200397279,0.302137018433541,0.4186221315966482,0.43022293211438867,-0.011600800517740484,0.0,0.0,45.32040458437257,46.44320743126494,45.88180600781875,1.1228028468923696,0.024471635809214486
140.26023965438418,84.23589615003013,0.41633609573770214,0.04558469169128595,0.001241156589928627,0.3381286542933628,1.6650887099790652,0.5098784012798233,1.0,0.0,0.0,1.0,1.0,0.15146580262473142,1.3483053643414022,-0.5399446984787202,0.0595506271827172,0.059667155388132796,0.0764818216755961,0.09032482502621406,0.0,0.0,0.00011652820541559888,synthetic_00109,rough_bergomi_lsmc_6000x60,0.0,0.02947410000342643,0.0,0.0,-0.059667155388132796,0.2793982530171483,0.1436896972020028,0.13570855581514552,0.0,0.0,0.0,0.01884109124675385,0.009420545623376925,0.01884109124675385,2.0
95.57762898336111,85.61358388255651,1.3282899750422124,0.03828240735185362,0.04637302292520134,0.5973508744675124,1.1163839270468239,0.11009482544885896,0.0,0.0,1.0,1.0,1.0,0.2943080532941673,1.827125985719536,-0.1124031480097395,19.039799920030287,19.213934163760307,18.86558030563854,19.025516653686115,7.902578118223603,11.012827985222208,0.17413424373001973,synthetic_00110,rough_bergomi_lsmc_6000x60,10.990287612085066,0.044441999998525716,0.10482676903606591,-0.022540373137141856,-8.223646551675241,0.38121034299444867,0.3806829247278666,0.0005274182665820915,0.0,0.0,10.938963532153117,11.081074728061314,11.010019130107215,0.1421111959081962,0.012907443141455498
70.23633647952303,96.76457277265214,0.5497597821623804,0.043191811063783274,0.022410366412843576,0.43729873848951206,0.7258476368675025,-0.32041515275609994,0.0,1.0,0.0,1.0,1.0,0.2714163360358446,1.1210160096641286,-0.35079530001007875,27.488364521611523,28.000353413954308,27.492517216128373,28.1731735717496,27.498699421654738,27.763200260753624,0.5119888923427851,synthetic_00111,rough_bergomi_lsmc_6000x60,27.73577838758323,0.044057500002963934,0.16001716833137444,-0.02742187317039324,-0.26457502637107666,0.4644965976886805,0.45352329624649446,0.010973301442186056,0.0,0.0,27.629896104400714,28.18472445673224,27.907310280566477,0.5548283523315263,0.01988111167839368
80.59566241506525,118.64927648572727,1.2386635700767732,0.018345226833842126,0.015376753621039308,0.5073192215589414,0.6792764760327922,-0.3867270531021654,0.0,1.0,0.0,1.0,1.0,0.2084666000236996,1.1119912538753636,-0.5004514022436213,44.744299656586286,45.134717589181534,44.77933882647947,45.51792567225462,42.56977303269304,42.87323580652205,0.3904179325952484,synthetic_00112,rough_bergomi_lsmc_6000x60,43.14113318643995,0.04401320000033593,0.2670521559465575,0.26789737991790474,-1.9935844027415826,0.4675706647903327,0.45685786827369934,0.010712796516633372,0.0,0.0,42.93952454294621,44.01071272753979,43.475118635243,1.0711881845935807,0.024639108948289898
107.9219568941896,103.84170212937491,1.251753399559237,0.019386622691093574,0.029923859577886833,0.5512769846096159,1.0392930266082423,0.0385406998892018,0.0,0.0,1.0,1.0,1.0,0.32104830543991764,0.9031351571298103,-0.05765625050784673,23.583266610344403,23.664878832660108,23.40017084999599,23.587416667473814,22.374955572965607,23.191802013899434,0.0816122223157052,synthetic_00113,rough_bergomi_lsmc_6000x60,22.523980640754633,0.043982200000755256,0.2324097816821897,-0.6678213731448004,-1.1408981919054746,0.5287360672811553,0.5270584830115047,0.0016775842696505894,0.0,0.0,22.495620088478656,22.699363821303503,22.59749195489108,0.20374373282484726,0.009016209994965758
67.67727829392317,117.32092886400845,1.0654740177171478,0.029465288204688016,0.00036572281465078186,0.4937949181146696,0.5768559706203035,-0.5501626612761616,0.0,1.0,0.0,1.0,1.0,0.3403078538861736,2.850047527018787,-0.1314140614674938,49.56497518978334,51.07880258231766,49.631880634642485,51.55057190152665,47.39821055346662,52.78630218024188,1.513827392534317,synthetic_00114,rough_bergomi_lsmc_6000x60,52.894577449937145,0.045250000002852175,0.13111215973142906,0.10827526969526247,1.8157748676194885,0.6420331524639514,0.6374146978026042,0.004618454661347249,0.0,0.0,52.376324576215744,53.64474069699438,53.01053263660506,1.2684161207786389,0.023927624524616956
135.66142840923754,112.17443662451883,1.164605607147965,0.03132932226325819,0.013901105330040693,0.1925896724767838,1.209379182026442,0.1901071552363909,0.0,1.0,0.0,1.0,1.0,0.27677511812775474,2.7199720715139497,-0.6100058935593555,2.025120199118966,2.0646717414323836,1.970804653450442,2.025278286171924,0.0,0.0,0.03955154231341762,synthetic_00115,rough_bergomi_lsmc_6000x60,0.0,0.028668800001469208,0.0,0.0,-2.0646717414323836,0.06594750079673874,0.0350246764670049,0.03092282432973384,0.0,0.0,0.0,0.007612793524326182,0.003806396762163091,0.007612793524326182,2.0
125.85195298352102,98.69526406221166,1.5868659325115289,0.0399532249576945,0.03515167328494463,0.38108536686878614,1.2751569609681714,0.2430692776750918,0.0,0.0,1.0,1.0,1.0,0.35336889487390166,2.4433967833192307,-0.4099064381627944,9.487382981264801,9.593083341665665,9.286187543437396,9.23368991599298,0.20666569676715021,0.21996627478907316,0.1057003604008635,synthetic_00116,rough_bergomi_lsmc_6000x60,0.17268229097391205,0.03245170000081998,0.042039484955584724,-0.04728398381516111,-9.420401050691753,0.10663819997368178,0.10694124349578193,-0.0003030435221001576,0.0,0.0,0.16284275787277533,0.17690049978559688,0.1698716288291861,0.014057741912821553,0.08275508988588831
121.94629559509367,111.3905379700875,1.6486782538961167,0.052769128292563985,0.03168848865346315,0.15094707865727244,1.0947635034121193,0.09053836132265425,0.0,0.0,1.0,1.0,1.0,0.44336683039717506,1.7941538032193225,-0.45915816951678357,3.2845099601439536,3.489759220898106,3.214865253590967,3.363422657679336,0.0,0.0,0.20524926075415229,synthetic_00117,rough_bergomi_lsmc_6000x60,0.0006908216406318372,0.02987089999805903,0.0006908216406318375,0.0006908216406318372,-3.489068399257474,0.03391128350309654,0.03018494835645161,0.003726335146644926,0.0,0.0,0.0,0.005538783045547732,0.002769391522773866,0.005538783045547732,2.0
93.20930397751037,80.7134713590795,1.1112681272570009,0.054424038219278416,0.04909029737712678,0.4264610632819992,1.1548171873668918,0.1439420521102364,0.0,1.0,0.0,1.0,1.0,0.21770895516032207,1.7265197887796797,-0.3310177498966239,9.25158590720811,9.388921424047664,9.087344730896564,9.16571457020058,3.8202275084980886,4.049864505380923,0.13733551683955447,synthetic_00118,rough_bergomi_lsmc_6000x60,4.272238836361405,0.04078450000088196,0.06567238579767223,0.22237433098048154,-5.11668258768626,0.2657694148876288,0.26571995390197506,4.9460985653726475e-05,0.0,0.0,4.23550727292948,4.31189406099524,4.27370066696236,0.0763867880657596,0.017873687002991117
112.73088407024431,84.3657598706294,1.2992885226645714,0.03882676276098992,0.031017885482902203,0.5776747140939055,1.3362160696840921,0.2898417908432188,0.0,0.0,1.0,1.0,1.0,0.2558332207542124,1.8243641654562448,-0.59929985973712,12.656712943792407,12.807656833516845,12.43220297346125,12.529604694953283,0.04415988815649608,0.04708251455771771,0.15094388972443795,synthetic_00119,rough_bergomi_lsmc_6000x60,0.21270373727819053,0.03171629999997094,0.024196112572549854,0.1656212227204728,-12.594953096238655,0.1447758277159781,0.14518917081301902,-0.00041334309704091354,0.0,0.0,0.20161793889459417,0.2170675880988488,0.20934276349672148,0.015449649204254623,0.07380073209216319
